datetime,R,S,BG,SG
2025-12-18T00:59,89652,82920,89326,88457
2025-12-18T04:59,89652,82920,89326,88457
2025-12-18T08:59,89652,82920,89326,88457
2025-12-18T12:59,89652,82920,89326,88457
2025-12-18T16:59,89652,82920,89326,88457
2025-12-18T20:59,89652,82920,89326,88457
2025-12-19T00:59,93122,82283,91894,89077
2025-12-19T04:59,93122,82283,91894,89077
2025-12-19T08:59,93122,82283,91894,89077
2025-12-19T12:59,93122,82283,91894,89077
2025-12-19T16:59,93122,82283,91894,89077
2025-12-19T20:59,93122,82283,91894,89077
2025-12-20T00:59,89098,87277,88498,88074
2025-12-20T04:59,89098,87277,88498,88074
2025-12-20T08:59,89098,87277,88498,88074
2025-12-20T12:59,89098,87277,88498,88074
2025-12-20T16:59,89098,87277,88498,88074
2025-12-20T20:59,89098,87277,88498,88074
2025-12-21T00:59,90222,86429,89364,88856
2025-12-21T04:59,90222,86429,89364,88856
2025-12-21T08:59,90222,86429,89364,88856
2025-12-21T12:59,90222,86429,89364,88856
2025-12-21T16:59,90222,86429,89364,88856
2025-12-21T20:59,90222,86429,89364,88856
2025-12-22T00:59,90500,86000,89500,87000
2025-12-22T04:59,90500,86000,89500,87000
2025-12-22T08:59,90500,86000,89500,87000
2025-12-22T12:59,90500,86000,89500,87000
2025-12-22T16:59,90500,86000,89500,87000
2025-12-22T20:59,90500,86000,89500,87000
2025-12-23T00:59,91425,86715,90500,87500
2025-12-23T04:59,91425,86715,90500,87500
2025-12-23T08:59,90033,85860,89500,86500
2025-12-23T12:59,90033,85860,89500,86500
2025-12-23T16:59,90033,85860,89500,86500
2025-12-23T20:59,90033,85860,89500,86500
2025-12-24T00:59,89240,85730,89000,86000
2025-12-24T04:59,89240,85730,89000,86000
2025-12-24T08:59,89240,85730,89000,86000
2025-12-24T12:59,89240,85730,89000,86000
2025-12-24T16:59,89240,85730,89000,86000
2025-12-24T20:59,89240,85730,89000,86000
2025-12-25T00:59,89500,86600,89200,86400
2025-12-25T04:59,89500,86600,89200,86400
2025-12-25T08:59,89500,86600,89200,86400
2025-12-25T12:59,89500,86600,89200,86400
2025-12-25T14:49,90146,86746,89299,85532
2025-12-25T15:01,89616,86778,88942,86582
2025-12-25T15:44,89661,86853,89170,86699
2025-12-25T15:57,89661,86853,89170,86699
2025-12-25T16:51,89722,86927,89136,86867
2025-12-25T17:39,89766,86943,89125,86851
2025-12-25T17:51,89766,86943,89125,86851
2025-12-25T18:59,89831,86967,89042,86910
2025-12-25T19:29,93806,87597,94044,89025
2025-12-25T19:43,93441,87593,94030,89021
2025-12-25T19:55,93441,87593,94030,89021
2025-12-25T20:42,93294,87590,93971,88980
2025-12-25T20:55,93294,87590,93971,88980
2025-12-25T21:34,92725,87569,93706,88833
2025-12-25T21:47,92725,87569,93706,88833
2025-12-25T21:59,92725,87569,93706,88833
2025-12-25T22:42,92490,87562,93673,88803
2025-12-25T22:54,92490,87562,93673,88803
2025-12-25T23:35,92164,87551,93514,88592
2025-12-25T23:50,92164,87551,93514,88592
2025-12-26T03:50,93594,82820,90810,89998
2025-12-26T04:58,93648,82886,91544,90058
2025-12-26T05:46,93690,82891,91082,89896
2025-12-26T05:58,93690,82891,91082,89896
2025-12-26T07:00,93863,83141,91045,90165
2025-12-26T07:40,94240,84287,91494,90052
2025-12-26T07:52,94240,84287,91494,90052
2025-12-26T08:54,93435,84471,91725,90754
2025-12-26T09:42,93745,84773,90873,90437
2025-12-26T09:54,93745,84773,90873,90437
2025-12-26T10:52,93705,84663,90497,89730
2025-12-26T11:04,93697,84658,90511,89734
2025-12-26T11:38,93539,84565,90362,89736
2025-12-26T11:52,93539,84565,90362,89736
2025-12-26T12:04,93506,84544,90574,89735
2025-12-26T14:03,93278,84367,90350,89738
2025-12-26T14:49,93264,84354,90351,89757
2025-12-26T15:02,93254,84323,90342,89518
2025-12-26T15:34,93089,84204,90344,89562
2025-12-26T15:41,93089,84204,90344,89562
2025-12-26T15:54,93089,84204,90344,89562
2025-12-26T17:34,92973,84062,91661,89378
2025-12-26T17:47,92973,84062,91661,89378
2025-12-26T17:59,92973,84062,91661,89378
2025-12-26T18:55,92969,84058,92482,89365
2025-12-26T19:29,92936,84034,92439,89366
2025-12-26T19:43,92947,84033,92361,89376
2025-12-26T19:55,92947,84033,92361,89376
2025-12-26T20:53,92946,84032,92404,89383
2025-12-26T21:33,92822,83936,92126,89393
2025-12-26T21:45,92822,83936,92126,89393
2025-12-26T21:57,92822,83936,92126,89393
2025-12-26T22:42,92885,83988,91581,89383
2025-12-26T22:54,92885,83988,91581,89383
2025-12-26T23:35,92942,84082,91555,89375
2025-12-26T23:50,92942,84082,91555,89375
2025-12-27T03:49,92938,81699,89668,87438
2025-12-27T04:55,92912,81699,89146,87428
2025-12-27T05:44,92885,81996,89124,87394
2025-12-27T05:56,92885,81996,89124,87394
2025-12-27T06:58,93216,81538,90704,90438
2025-12-27T07:33,93170,81528,90372,90197
2025-12-27T07:46,93170,81528,90372,90197
2025-12-27T07:58,93170,81528,90372,90197
2025-12-27T08:54,93177,81610,90336,90028
2025-12-27T09:36,93174,81589,94696,90502
2025-12-27T09:49,93174,81589,94696,90502
2025-12-27T10:42,93195,81534,93574,90740
2025-12-27T10:54,93195,81534,93574,90740
2025-12-27T11:29,93176,81563,93527,90727
2025-12-27T11:43,93177,81567,93527,90722
2025-12-27T11:55,93177,81567,93527,90722
2025-12-27T13:57,93152,81561,93630,90644
2025-12-27T14:44,93162,81662,93546,90629
2025-12-27T14:57,93162,81662,93546,90629
2025-12-27T15:39,93164,81695,93401,90644
2025-12-27T15:54,93164,81695,93401,90644
2025-12-27T16:05,93164,81695,93401,90644
2025-12-27T17:38,93070,81731,93266,90694
2025-12-27T17:52,93070,81731,93266,90694
2025-12-27T18:03,93070,81728,93268,90751
2025-12-27T18:59,93071,81759,93256,90748
2025-12-27T19:28,93077,81810,93239,90731
2025-12-27T19:42,93074,81911,93108,90729
2025-12-27T19:54,93074,81911,93108,90729
2025-12-27T20:53,92804,81861,93043,90714
2025-12-27T21:32,92676,81846,92838,90711
2025-12-27T21:45,92676,81846,92838,90711
2025-12-27T21:56,92676,81846,92838,90711
2025-12-27T22:41,92676,81839,92806,90901
2025-12-27T22:53,92676,81839,92806,90901
2025-12-27T23:33,92661,81838,92796,90900
2025-12-27T23:48,92661,81838,92796,90900
2025-12-28T05:41,91885,75336,91666,89074
2025-12-28T05:56,91885,75336,91666,89074
2025-12-28T06:59,91887,76772,91577,88821
2025-12-28T07:36,91046,80055,91515,88426
2025-12-28T07:49,91046,80055,91515,88426
2025-12-28T08:49,91034,79985,91493,88427
2025-12-28T09:36,91034,80505,91254,88529
2025-12-28T09:50,91034,80505,91254,88529
2025-12-28T10:43,91162,81311,91213,88657
2025-12-28T10:55,91162,81311,91213,88657
2025-12-28T11:33,91204,81243,91816,88764
2025-12-28T11:44,91204,81243,91816,88764
2025-12-28T11:57,91204,81243,91816,88764
2025-12-28T13:54,91291,81481,91738,89036
2025-12-28T14:41,91316,81486,91732,90537
2025-12-28T14:53,91316,81486,91732,90537
2025-12-28T15:37,91296,81454,91762,90537
2025-12-28T15:49,91296,81454,91762,90537
2025-12-28T16:48,91286,81446,91762,90634
2025-12-28T16:59,91286,81446,91762,90634
2025-12-28T17:41,91324,81593,91750,90649
2025-12-28T17:51,91324,81593,91750,90649
2025-12-28T18:53,91353,81624,91697,90773
2025-12-28T19:29,91354,81626,91696,90801
2025-12-28T19:43,91355,81638,91696,90783
2025-12-28T19:55,91355,81638,91696,90783
2025-12-28T20:55,91369,81701,91632,90725
2025-12-28T21:33,91370,81715,91631,90812
2025-12-28T21:47,91370,81715,91631,90812
2025-12-28T21:59,91370,81715,91631,90812
2025-12-28T22:43,91367,81700,91620,90828
2025-12-28T22:55,91367,81700,91620,90828
2025-12-28T23:35,91375,81752,91619,90798
2025-12-28T23:50,91375,81752,91619,90798
2025-12-29T04:17,92704,84059,101918,97502
2025-12-29T05:47,93011,84677,100288,96108
2025-12-29T06:01,93088,84982,100276,95853
2025-12-29T07:04,93205,85197,100143,95743
2025-12-29T07:47,93228,85181,100017,95698
2025-12-29T07:59,93228,85181,100017,95698
2025-12-29T09:55,93234,85221,95172,94818
2025-12-29T10:51,93301,85391,94715,94182
2025-12-29T11:33,93296,85395,94630,94126
2025-12-29T11:49,93296,85395,94630,94126
2025-12-29T13:49,93370,85246,93649,93258
2025-12-29T14:46,92783,85152,93162,93154
2025-12-29T14:58,92783,85152,93162,93154
2025-12-29T15:45,92505,85037,93068,93011
2025-12-29T15:58,92505,85037,93068,93011
2025-12-29T16:54,92090,84862,93060,92809
2025-12-29T17:41,92087,84861,92928,92783
2025-12-29T17:52,92087,84861,92928,92783
2025-12-29T18:56,92097,84863,92841,92731
2025-12-29T19:29,92076,84835,92715,92683
2025-12-29T19:43,92074,84835,92712,92475
2025-12-29T19:56,92074,84835,92712,92475
2025-12-29T20:46,92050,84829,92695,92449
2025-12-29T20:58,92050,84829,92695,92449
2025-12-29T21:35,92035,84825,92672,92421
2025-12-29T21:49,92035,84825,92672,92421
2025-12-29T22:39,92050,84844,92620,92460
2025-12-29T22:53,92050,84844,92620,92460
2025-12-29T23:34,91986,84902,92419,92365
2025-12-29T23:49,91986,84902,92419,92365
2025-12-30T03:53,91569,82786,87179,83737
2025-12-30T05:02,90858,82793,87299,84425
2025-12-30T05:36,90868,82795,87945,84566
2025-12-30T05:53,90868,82795,87945,84566
2025-12-30T06:33,90199,83078,87733,85130
2025-12-30T06:59,90199,83078,87733,85130
2025-12-30T07:31,90221,83086,87742,85508
2025-12-30T07:47,90221,83086,87742,85508
2025-12-30T08:00,90250,83136,86572,85502
2025-12-30T08:41,90338,83590,86678,85788
2025-12-30T09:01,90405,83781,86890,85876
2025-12-30T09:36,90375,83745,87039,86097
2025-12-30T09:53,90375,83745,87039,86097
2025-12-30T10:23,90363,83747,87039,86202
2025-12-30T10:48,90305,83743,86845,86245
2025-12-30T11:01,90099,83342,86869,86310
2025-12-30T11:28,90099,83342,86869,86310
2025-12-30T11:45,90091,83300,86892,86331
2025-12-30T11:58,90091,83300,86892,86331
2025-12-30T13:01,90135,83335,87490,86487
2025-12-30T13:45,90064,83185,87490,86494
2025-12-30T14:00,89726,82724,87053,86718
2025-12-30T14:33,89794,82800,87101,86806
2025-12-30T14:52,89794,82800,87101,86806
2025-12-30T15:20,89461,85640,88692,88156
2025-12-30T15:42,89677,85590,88883,88342
2025-12-30T15:56,89677,85590,88883,88342
2025-12-30T16:37,89751,85945,88824,88322
2025-12-30T16:57,89751,85945,88824,88322
2025-12-30T17:29,89684,86021,88833,88261
2025-12-30T17:48,89683,86018,88830,88261
2025-12-30T18:14,89696,86149,88816,88258
2025-12-30T18:49,89697,86147,88821,88258
2025-12-30T19:11,89696,86147,88821,88258
2025-12-30T19:30,89696,86147,88821,88258
2025-12-30T19:43,89688,86136,88824,88263
2025-12-30T19:56,89688,86136,88824,88263
2025-12-30T20:31,90188,83755,87793,87644
2025-12-30T20:49,90188,83755,87793,87644
2025-12-30T21:11,90255,84100,87854,87645
2025-12-30T21:32,90255,84100,87862,87646
2025-12-30T21:47,90255,84100,87862,87646
2025-12-30T22:00,90255,84100,88014,87644
2025-12-30T22:31,90259,84095,89673,88429
2025-12-30T22:48,90259,84095,89673,88429
2025-12-30T23:09,90259,84095,89646,88429
2025-12-30T23:30,90253,84082,89650,88428
2025-12-30T23:45,90253,84082,89650,88428
2025-12-30T23:57,90253,84082,89650,88428
2025-12-31T02:21,90532,83135,106583,104559
2025-12-31T03:47,91074,84040,105629,104873
2025-12-31T04:27,91261,84900,105416,104743
2025-12-31T04:59,91096,84768,105416,104691
2025-12-31T05:35,91075,84677,105005,104379
2025-12-31T05:53,91075,84677,105005,104379
2025-12-31T06:33,91304,85226,104085,101998
2025-12-31T06:59,91304,85226,104085,101998
2025-12-31T07:32,90372,85491,103893,98634
2025-12-31T07:48,90372,85491,103893,98634
2025-12-31T08:15,90511,85813,103441,98076
2025-12-31T08:47,90576,85926,102800,96540
2025-12-31T09:13,90572,85882,102478,96377
2025-12-31T09:41,90700,85987,102178,96266
2025-12-31T09:55,90700,85987,102178,96266
2025-12-31T10:28,90709,85986,101940,96263
2025-12-31T10:49,89890,84338,101479,95003
2025-12-31T11:10,89943,84265,100143,94741
2025-12-31T11:31,89992,84250,99775,94672
2025-12-31T11:45,89992,84250,99775,94672
2025-12-31T11:57,89992,84250,99775,94672
2025-12-31T12:59,89849,82864,97065,94565
2025-12-31T13:39,89683,81884,97065,93784
2025-12-31T13:55,89683,81884,97065,93784
2025-12-31T14:25,89687,81894,97046,93776
2025-12-31T14:45,89697,81913,97031,93621
2025-12-31T14:58,89697,81913,97031,93621
2025-12-31T15:30,89550,82235,96635,92397
2025-12-31T15:46,89600,83824,94867,91833
2025-12-31T15:59,89600,83824,94867,91833
2025-12-31T16:36,89614,83879,94703,91732
2025-12-31T16:55,89614,83879,94703,91732
2025-12-31T17:23,89725,84232,94533,91643
2025-12-31T17:41,89649,84120,94317,91428
2025-12-31T17:54,89649,84120,94317,91428
2025-12-31T18:34,89660,84149,94196,91397
2025-12-31T18:55,89660,84149,94196,91397
2025-12-31T19:20,89660,84147,94182,91394
2025-12-31T19:35,89660,84161,94182,91378
2025-12-31T19:47,89660,84161,94182,91378
2025-12-31T19:59,89660,84161,94182,91378
2025-12-31T20:32,89660,84246,93986,91323
2025-12-31T20:49,89660,84246,93986,91323
2025-12-31T21:10,89662,84271,93942,91223
2025-12-31T21:31,89659,84270,93938,91214
2025-12-31T21:46,89659,84270,93938,91214
2025-12-31T21:58,89659,84270,93938,91214
2025-12-31T22:30,89614,84210,93822,91134
2025-12-31T22:48,89614,84210,93822,91134
2025-12-31T23:00,89609,84207,93760,91120
2025-12-31T23:28,89609,84207,93760,91120
2025-12-31T23:45,89607,84202,93752,91073
2025-12-31T23:58,89607,84202,93752,91073
2026-01-01T02:34,88981,85999,91538,88305
2026-01-01T04:03,89082,86153,91528,88437
2026-01-01T04:55,89082,86153,91513,88430
2026-01-01T05:32,89084,86154,91464,88596
2026-01-01T05:53,89084,86154,91464,88596
2026-01-01T06:36,89092,86157,91369,88572
2026-01-01T07:00,89092,86157,91369,88572
2026-01-01T07:32,89094,86152,91369,88561
2026-01-01T07:47,89094,86152,91369,88561
2026-01-01T08:00,89094,86152,91369,88561
2026-01-01T08:40,89150,86230,90866,88357
2026-01-01T08:59,89150,86230,90866,88357
2026-01-01T09:35,89164,86292,90200,88293
2026-01-01T09:51,89164,86292,90200,88293
2026-01-01T10:19,89170,86298,90158,88307
2026-01-01T10:43,89160,86295,90070,88221
2026-01-01T10:56,89160,86295,90070,88221
2026-01-01T11:25,89159,86294,90066,88208
2026-01-01T11:43,89074,86265,89981,88213
2026-01-01T11:55,89074,86265,89981,88213
2026-01-01T12:55,88946,86303,89463,88182
2026-01-01T13:37,88945,86304,89422,88177
2026-01-01T13:54,88945,86304,89422,88177
2026-01-01T14:22,88946,86303,89415,88178
2026-01-01T14:44,88947,86302,89415,88229
2026-01-01T14:56,88947,86302,89415,88229
2026-01-01T15:30,88949,86310,89394,88257
2026-01-01T15:46,88934,86303,89394,88255
2026-01-01T15:58,88934,86303,89394,88255
2026-01-01T16:37,88939,86307,89389,88469
2026-01-01T16:57,88939,86307,89389,88469
2026-01-01T17:27,88944,86327,89372,88469
2026-01-01T17:45,88943,86340,89370,88474
2026-01-01T17:57,88943,86340,89370,88474
2026-01-01T18:40,88950,86341,89309,88489
2026-01-01T18:59,88950,86341,89309,88489
2026-01-01T19:25,88951,86342,89310,88491
2026-01-01T19:41,88957,86366,89347,88480
2026-01-01T19:53,88957,86366,89347,88480
2026-01-01T20:25,88957,86365,89336,88479
2026-01-01T20:46,88959,86364,89532,88522
2026-01-01T20:58,88959,86364,89532,88522
2026-01-01T21:28,88960,86370,89530,88521
2026-01-01T21:44,88963,86385,89532,88522
2026-01-01T21:57,88963,86385,89532,88522
2026-01-01T22:28,88949,86370,89547,88519
2026-01-01T22:47,88950,86384,89862,88519
2026-01-01T22:59,88950,86384,89862,88519
2026-01-01T23:28,88950,86383,89863,88520
2026-01-01T23:45,88956,86369,89849,88496
2026-01-01T23:58,88956,86369,89849,88496
2026-01-02T02:24,91098,86046,89181,88535
2026-01-02T03:51,94069,83189,90162,89385
2026-01-02T04:37,93067,82796,89608,88739
2026-01-02T05:03,92465,82158,89641,88759
2026-01-02T05:39,92480,82165,90116,88770
2026-01-02T05:55,92480,82165,90116,88770
2026-01-02T06:42,92615,82778,89783,88838
2026-01-02T07:02,92939,81575,92183,90587
2026-01-02T07:33,92791,83024,92655,89936
2026-01-02T07:49,92791,83024,92655,89936
2026-01-02T08:16,92839,83172,92478,89926
2026-01-02T08:47,92612,82812,91714,91663
2026-01-02T09:13,92763,83166,92500,91107
2026-01-02T09:40,92587,82693,90718,90205
2026-01-02T09:55,92587,82693,90718,90205
2026-01-02T10:28,92698,83103,90625,90290
2026-01-02T10:48,92449,81842,90336,90329
2026-01-02T11:01,92595,82527,90318,90284
2026-01-02T11:27,92595,82527,90318,90284
2026-01-02T11:43,92671,82868,90219,90123
2026-01-02T11:55,92671,82868,90219,90123
2026-01-02T12:53,92611,82856,89992,89921
2026-01-02T13:32,92507,82448,90068,89980
2026-01-02T13:52,92507,82448,90068,89980
2026-01-02T14:19,92520,82411,90185,89977
2026-01-02T14:42,92550,82463,90447,89809
2026-01-02T14:56,92550,82463,90447,89809
2026-01-02T15:30,92740,82985,91587,90287
2026-01-02T15:48,92740,82985,91587,90287
2026-01-02T16:12,92749,83015,91553,90281
2026-01-02T16:43,92788,83157,91552,90242
2026-01-02T16:59,92788,83157,91552,90242
2026-01-02T17:28,92835,83237,91476,90123
2026-01-02T17:45,92898,83394,91308,90165
2026-01-02T17:58,92898,83394,91308,90165
2026-01-02T18:40,92948,83573,91202,90098
2026-01-02T18:58,92948,83573,91202,90098
2026-01-02T19:21,92969,83653,91181,90077
2026-01-02T19:36,92969,83652,91181,90069
2026-01-02T19:48,92969,83652,91181,90069
2026-01-02T20:00,92970,83654,91174,90069
2026-01-02T20:32,93120,83849,89633,89252
2026-01-02T20:49,93120,83849,89633,89252
2026-01-02T21:09,93124,83858,89633,89244
2026-01-02T21:27,93124,83858,89633,89244
2026-01-02T21:43,93126,83857,89630,89253
2026-01-02T21:55,93126,83857,89630,89253
2026-01-02T22:26,93124,83860,89630,89250
2026-01-02T22:46,93141,83889,89629,89396
2026-01-02T22:59,93141,83889,89629,89396
2026-01-02T23:27,93149,83902,89629,89398
2026-01-02T23:43,93150,83904,89628,89387
2026-01-02T23:55,93150,83904,89628,89387
2026-01-03T02:06,94014,82704,85222,81059
2026-01-03T03:38,94246,82672,89352,88214
2026-01-03T04:18,94241,82651,89354,88524
2026-01-03T04:49,94288,82678,89384,88385
2026-01-03T05:12,94490,82845,89419,87705
2026-01-03T05:40,94505,82843,89430,87637
2026-01-03T05:54,94505,82843,89430,87637
2026-01-03T06:35,94078,82661,90047,87679
2026-01-03T06:57,94078,82661,90047,87679
2026-01-03T07:26,94102,82688,90042,87693
2026-01-03T07:42,94183,82904,90024,87709
2026-01-03T07:54,94183,82904,90024,87709
2026-01-03T08:30,94166,83148,90216,87128
2026-01-03T08:53,94166,83148,90216,87128
2026-01-03T09:20,94173,83208,90223,87294
2026-01-03T09:39,94209,83261,90085,87239
2026-01-03T09:52,94209,83261,90085,87239
2026-01-03T10:17,94229,83272,90001,87119
2026-01-03T10:41,94247,83342,89958,87091
2026-01-03T10:54,94247,83342,89958,87091
2026-01-03T11:19,94300,83498,88793,87064
2026-01-03T11:33,94322,83555,88794,87012
2026-01-03T11:45,94322,83555,88794,87012
2026-01-03T11:57,94322,83555,88794,87012
2026-01-03T12:56,94316,83547,88915,87015
2026-01-03T13:34,91206,88823,89441,89419
2026-01-03T13:50,91206,88823,89441,89419
2026-01-03T14:11,91204,88821,89456,89422
2026-01-03T14:35,91203,88818,89526,89398
2026-01-03T14:50,91203,88818,89526,89398
2026-01-03T15:11,91205,88819,89522,89427
2026-01-03T15:33,91212,88796,89519,89502
2026-01-03T15:47,91212,88796,89519,89502
2026-01-03T15:59,91212,88796,89519,89502
2026-01-03T16:36,91215,88800,89520,89502
2026-01-03T16:54,91215,88800,89520,89502
2026-01-03T17:20,91217,88802,89520,89503
2026-01-03T17:39,91213,88801,89520,89519
2026-01-03T17:51,91213,88801,89520,89519
2026-01-03T18:22,91213,88801,89520,89519
2026-01-03T18:49,93412,88160,89110,88480
2026-01-03T19:09,93410,88159,89119,88485
2026-01-03T19:27,93410,88159,89119,88485
2026-01-03T19:41,93367,88146,89214,88589
2026-01-03T19:54,93367,88146,89214,88589
2026-01-03T20:25,93356,88142,89219,88589
2026-01-03T20:44,93358,88145,89220,88589
2026-01-03T20:57,93358,88145,89220,88589
2026-01-03T21:26,93334,88134,89219,88722
2026-01-03T21:42,93323,88124,89225,88723
2026-01-03T21:55,93323,88124,89225,88723
2026-01-03T22:24,93204,88025,89276,88952
2026-01-03T22:43,93200,88018,89314,88970
2026-01-03T22:56,93200,88018,89314,88970
2026-01-03T23:26,93081,87953,89339,89113
2026-01-03T23:43,93084,87965,89387,89097
2026-01-03T23:55,93084,87965,89387,89097
2026-01-04T02:22,92828,83345,92819,92489
2026-01-04T04:01,92830,84279,92756,92588
2026-01-04T04:55,92831,84273,92768,92588
2026-01-04T05:30,92630,85805,92079,91434
2026-01-04T05:51,92630,85805,92079,91434
2026-01-04T06:25,92630,85795,91754,91278
2026-01-04T06:55,92649,85800,91773,91007
2026-01-04T07:26,92649,85800,91773,91007
2026-01-04T07:43,92726,86880,91541,90980
2026-01-04T07:55,92726,86880,91541,90980
2026-01-04T08:35,92739,87455,91277,91049
2026-01-04T08:54,92739,87455,91277,91049
2026-01-04T09:24,92780,87792,91225,91074
2026-01-04T09:41,92791,87947,91192,91037
2026-01-04T09:54,92791,87947,91192,91037
2026-01-04T10:23,92795,87971,91181,91034
2026-01-04T10:44,92790,87952,91209,90918
2026-01-04T10:56,92790,87952,91209,90918
2026-01-04T11:23,92780,87958,91209,90920
2026-01-04T11:37,92789,87950,91322,91065
2026-01-04T11:50,92789,87950,91322,91065
2026-01-04T12:24,92795,87944,91434,91087
2026-01-04T13:07,92767,87958,91416,91180
2026-01-04T13:41,92714,87926,91336,91121
2026-01-04T13:54,92714,87926,91336,91121
2026-01-04T14:20,92715,87935,91333,91121
2026-01-04T14:40,92726,87932,91331,91193
2026-01-04T14:52,92726,87932,91331,91193
2026-01-04T15:16,92722,87926,91345,91212
2026-01-04T15:36,92726,88065,91345,91203
2026-01-04T15:49,92726,88065,91345,91203
2026-01-04T16:14,92727,88086,91336,91205
2026-01-04T16:43,92685,88037,91336,91294
2026-01-04T16:57,92685,88037,91336,91294
2026-01-04T17:25,92684,88034,91337,91294
2026-01-04T17:43,92683,88034,91349,91265
2026-01-04T17:56,92683,88034,91349,91265
2026-01-04T18:37,92689,88180,91246,91235
2026-01-04T18:56,92689,88180,91246,91235
2026-01-04T19:22,92659,88226,91326,91278
2026-01-04T19:36,92611,88321,91301,91279
2026-01-04T19:49,92611,88321,91301,91279
2026-01-04T20:12,92611,88321,91301,91283
2026-01-04T20:37,92628,88496,91378,91304
2026-01-04T20:52,92628,88496,91378,91304
2026-01-04T21:17,92618,88483,91421,91317
2026-01-04T21:35,92611,88474,91420,91314
2026-01-04T21:48,92611,88474,91420,91314
2026-01-04T22:01,92610,88471,91426,91311
2026-01-04T22:32,92611,88471,91663,91270
2026-01-04T22:49,92611,88471,91663,91270
2026-01-04T23:10,92614,88464,92015,91151
2026-01-04T23:32,92611,88562,91941,91150
2026-01-04T23:47,92611,88562,91941,91150
2026-01-04T23:59,92611,88562,91941,91150
2026-01-05T02:36,94250,85446,92758,92705
2026-01-05T04:09,96021,86196,92442,83564
2026-01-05T05:06,95937,86073,92012,84697
2026-01-05T05:50,95541,85298,92003,84734
2026-01-05T06:27,95532,85276,91996,84740
2026-01-05T07:03,95538,85311,92007,84775
2026-01-05T07:39,95547,85373,91181,85015
2026-01-05T07:55,95547,85373,91181,85015
2026-01-05T08:42,95554,85400,91237,84779
2026-01-05T09:17,95438,84765,91309,86153
2026-01-05T09:50,95320,84318,91371,87400
2026-01-05T10:17,95323,84341,91391,87403
2026-01-05T10:47,95349,84230,91640,87706
2026-01-05T11:00,95269,83622,91653,88322
2026-01-05T11:30,95269,83622,91653,88322
2026-01-05T11:46,95273,83665,91596,88309
2026-01-05T11:58,95273,83665,91596,88309
2026-01-05T13:05,95636,84194,93420,89759
2026-01-05T13:50,95721,84094,93656,90238
2026-01-05T14:17,95729,84164,93659,90236
2026-01-05T14:47,95747,84198,93670,90317
2026-01-05T15:11,95777,84868,93681,90401
2026-01-05T15:41,95779,84830,93624,90337
2026-01-05T15:59,95779,84830,93624,90337
2026-01-05T16:38,95846,85006,93471,91340
2026-01-05T16:59,95846,85006,93471,91340
2026-01-05T17:33,95852,85056,93428,91360
2026-01-05T17:51,95852,85056,93428,91360
2026-01-05T18:27,95823,84963,93412,91404
2026-01-05T18:57,95830,84895,93235,91597
2026-01-05T19:27,95834,84921,93233,91603
2026-01-05T19:43,95833,84884,93218,91627
2026-01-05T19:56,95833,84884,93218,91627
2026-01-05T20:34,95645,83570,92824,91610
2026-01-05T20:53,95645,83570,92824,91610
2026-01-05T21:20,95715,84078,92856,91721
2026-01-05T21:40,95725,84063,92884,91705
2026-01-05T21:53,95725,84063,92884,91705
2026-01-05T22:21,95727,84083,92895,91700
2026-01-05T22:44,95738,84090,92914,91703
2026-01-05T22:56,95738,84090,92914,91703
2026-01-05T23:28,95741,84087,92918,91708
2026-01-05T23:45,95741,84088,92919,91713
2026-01-05T23:57,95741,84088,92919,91713
2026-01-06T02:23,96979,89156,93691,88642
2026-01-06T03:49,94877,83126,93125,91219
2026-01-06T04:31,94950,83020,93424,91231
2026-01-06T05:00,94960,83165,92766,90576
2026-01-06T05:37,94970,83247,92595,90619
2026-01-06T05:55,94970,83247,92595,90619
2026-01-06T06:41,94827,82370,91543,90655
2026-01-06T07:03,94829,82450,91545,90830
2026-01-06T07:36,95000,82207,91391,91163
2026-01-06T07:52,95000,82207,91391,91163
2026-01-06T08:28,95033,83137,91053,90287
2026-01-06T08:57,95043,83460,91073,90135
2026-01-06T09:35,95079,83675,91414,89100
2026-01-06T09:54,95079,83675,91414,89100
2026-01-06T10:27,95150,83620,91702,88754
2026-01-06T10:52,95147,83654,91553,88782
2026-01-06T11:16,95176,84697,91514,88885
2026-01-06T11:35,95179,84712,91545,88890
2026-01-06T11:48,95179,84712,91545,88890
2026-01-06T12:21,95184,84757,91546,88910
2026-01-06T13:11,95396,84605,91549,90814
2026-01-06T13:50,95401,84725,91596,90839
2026-01-06T14:16,95405,84824,91635,90828
2026-01-06T14:44,95417,84884,91382,90837
2026-01-06T14:59,95417,84884,91382,90837
2026-01-06T15:34,95548,84936,91320,91226
2026-01-06T15:53,95548,84936,91320,91226
2026-01-06T16:57,95536,84929,91364,91146
2026-01-06T17:32,95589,85261,92897,92058
2026-01-06T17:51,95589,85261,92897,92058
2026-01-06T18:26,95565,85553,92790,92044
2026-01-06T18:54,95655,85839,92846,92093
2026-01-06T19:20,95674,85919,92842,92123
2026-01-06T19:37,95665,85941,92813,92133
2026-01-06T19:50,95665,85941,92813,92133
2026-01-06T20:17,95666,85943,92813,92134
2026-01-06T20:42,95665,85953,92817,92086
2026-01-06T20:54,95665,85953,92817,92086
2026-01-06T21:25,95666,85950,92817,92015
2026-01-06T21:44,95656,85964,92862,91902
2026-01-06T21:57,95656,85964,92862,91902
2026-01-06T22:30,95685,86327,92990,92066
2026-01-06T22:51,95685,86327,92990,92066
2026-01-06T23:15,95686,86337,92991,92069
2026-01-06T23:36,95686,86338,93029,92074
2026-01-06T23:49,95686,86338,93029,92074
2026-01-07T00:56,95148,95148,94250,93297
2026-01-07T03:00,95105,89093,93957,92350
2026-01-07T04:07,95052,89020,92784,91906
2026-01-07T04:53,95033,88967,92873,92018
2026-01-07T05:25,95032,88965,92878,92018
2026-01-07T05:49,95076,89095,92888,91988
2026-01-07T06:20,95119,89114,92864,92460
2026-01-07T06:56,95119,89114,92864,92460
2026-01-07T07:32,95091,88993,92691,91708
2026-01-07T07:50,95091,88993,92691,91708
2026-01-07T08:21,95086,89036,92422,91640
2026-01-07T08:52,95108,89079,92244,91698
2026-01-07T09:27,95423,91071,92152,90774
2026-01-07T09:51,95222,91021,92149,90943
2026-01-07T10:19,94599,90913,92221,90869
2026-01-07T10:46,94723,88981,91456,90518
2026-01-07T11:00,94723,88981,91456,90518
2026-01-07T11:29,94749,88930,91180,90737
2026-01-07T11:46,94153,90693,92212,90859
2026-01-07T11:59,94153,90693,92212,90859
2026-01-07T13:04,94765,88883,90462,89599
2026-01-07T13:49,94759,88883,90851,89708
2026-01-07T14:15,94761,88880,90871,89708
2026-01-07T14:45,95239,89287,90813,89798
2026-01-07T15:01,95032,89156,90793,89991
2026-01-07T15:37,94480,88877,91202,89964
2026-01-07T15:56,94480,88877,91202,89964
2026-01-07T16:41,94497,88883,91203,89883
2026-01-07T17:03,94508,88869,91286,90848
2026-01-07T17:39,93624,88241,91185,90983
2026-01-07T17:56,93624,88241,91185,90983
2026-01-07T18:46,93583,88220,91183,90944
2026-01-07T19:10,93885,88628,91077,90876
2026-01-07T19:32,94093,88477,91079,90156
2026-01-07T19:46,94093,88477,91079,90156
2026-01-07T19:59,94093,88477,91079,90156
2026-01-07T20:35,94100,88480,90977,90181
2026-01-07T20:55,94100,88480,90977,90181
2026-01-07T21:26,94093,88471,90952,90204
2026-01-07T21:44,93943,88416,90981,90208
2026-01-07T21:56,93943,88416,90981,90208
2026-01-07T22:29,93918,88378,91477,90856
2026-01-07T22:49,93911,88374,91472,90850
2026-01-07T23:12,93912,88374,91538,90850
2026-01-07T23:34,93912,88373,91608,90846
2026-01-07T23:48,93912,88373,91608,90846
2026-01-08T00:50,93461,88252,93529,91224
2026-01-08T02:53,93041,87673,94569,87431
2026-01-08T04:01,92372,87665,89545,89202
2026-01-08T04:48,92442,87699,90686,89172
2026-01-08T05:15,92268,87603,90648,89159
2026-01-08T05:44,92427,87757,90988,88884
2026-01-08T05:58,92427,87757,90988,88884
2026-01-08T06:48,92425,87728,90625,88744
2026-01-08T07:14,92485,87769,90671,88810
2026-01-08T07:40,92603,87810,90426,88835
2026-01-08T07:54,92603,87810,90426,88835
2026-01-08T08:35,92531,87796,90350,88772
2026-01-08T09:00,92487,87786,90360,88941
2026-01-08T09:38,92477,87784,90473,88899
2026-01-08T09:56,92477,87784,90473,88899
2026-01-08T10:34,92425,87782,90477,88991
2026-01-08T10:55,92425,87782,90477,88991
2026-01-08T11:26,92329,87728,90404,89001
2026-01-08T11:45,92328,87733,90401,89004
2026-01-08T11:57,92328,87733,90401,89004
2026-01-08T13:03,92326,87739,90309,89086
2026-01-08T13:50,92324,87738,90257,89081
2026-01-08T14:18,92327,87744,90258,89080
2026-01-08T14:48,92292,87743,90311,89100
2026-01-08T15:13,92218,87750,90248,89107
2026-01-08T15:44,92212,87748,90250,89097
2026-01-08T16:01,92215,87758,90248,89098
2026-01-08T16:46,92191,87755,90246,89149
2026-01-08T17:15,92191,87755,90242,89147
2026-01-08T17:46,92185,87750,90299,89146
2026-01-08T18:00,92183,87747,90311,89156
2026-01-08T18:44,92187,87758,90314,89159
2026-01-08T19:01,92188,87759,90312,89152
2026-01-08T19:29,92188,87759,90312,89152
2026-01-08T19:45,92189,87767,90315,89153
2026-01-08T19:57,92189,87767,90315,89153
2026-01-08T20:34,92196,87807,90317,89168
2026-01-08T20:53,92196,87807,90317,89168
2026-01-08T21:21,92196,87808,90317,89169
2026-01-08T21:42,92196,87810,90317,89170
2026-01-08T21:55,92196,87810,90317,89170
2026-01-08T22:27,92195,87812,90304,89174
2026-01-08T22:48,92195,87815,90342,89177
2026-01-08T23:09,92195,87817,90342,89179
2026-01-08T23:29,92195,87817,90342,89179
2026-01-08T23:45,92195,87819,90346,89183
2026-01-08T23:57,92195,87819,90346,89183
2026-01-09T02:24,98331,83541,99111,91293
2026-01-09T03:50,98550,85643,96149,90730
2026-01-09T04:34,98007,85678,93068,90851
2026-01-09T05:01,98163,85818,92048,90288
2026-01-09T05:38,98169,86257,91887,90109
2026-01-09T05:55,98169,86257,91887,90109
2026-01-09T06:41,98118,86240,92076,90163
2026-01-09T07:03,98067,86220,92105,90163
2026-01-09T07:35,98068,86223,92103,90196
2026-01-09T07:52,98068,86223,92103,90196
2026-01-09T08:26,98010,86186,92004,90097
2026-01-09T08:56,96603,85931,92369,90206
2026-01-09T09:36,95716,85944,92177,89847
2026-01-09T09:56,95716,85944,92177,89847
2026-01-09T10:32,95689,85926,92336,89899
2026-01-09T10:53,95689,85926,92336,89899
2026-01-09T11:20,95552,85663,92337,89836
2026-01-09T11:38,95544,85659,92337,89836
2026-01-09T11:51,95544,85659,92337,89836
2026-01-09T12:36,95784,86184,92555,89809
2026-01-09T13:26,95905,86366,92549,89828
2026-01-09T13:55,95896,86359,92547,89949
2026-01-09T14:31,95760,86271,93267,90578
2026-01-09T14:54,95760,86271,93267,90578
2026-01-09T15:27,95867,86403,93220,90586
2026-01-09T15:49,95924,86485,93257,90602
2026-01-09T16:14,95905,86367,95306,90658
2026-01-09T16:48,95806,86284,95153,90719
2026-01-09T17:14,95803,86284,95149,90725
2026-01-09T17:42,95724,86228,95084,90704
2026-01-09T17:56,95724,86228,95084,90704
2026-01-09T18:44,95788,86254,95070,90507
2026-01-09T19:02,95802,86268,95049,90507
2026-01-09T19:28,95802,86268,95049,90507
2026-01-09T19:44,95800,86197,94815,90546
2026-01-09T19:56,95800,86197,94815,90546
2026-01-09T20:34,95825,86166,94617,90535
2026-01-09T20:52,95825,86166,94617,90535
2026-01-09T21:18,95863,86192,94609,90394
2026-01-09T21:39,95841,86177,94583,90379
2026-01-09T21:52,95841,86177,94583,90379
2026-01-09T22:18,95840,86177,94583,90379
2026-01-09T22:42,95835,86175,94583,90380
2026-01-09T22:55,95835,86175,94583,90380
2026-01-09T23:26,95839,86178,94551,90378
2026-01-09T23:44,95845,86171,94575,90400
2026-01-09T23:56,95845,86171,94575,90400
2026-01-10T02:19,91208,89820,91105,89822
2026-01-10T03:43,91309,89884,91228,89996
2026-01-10T04:21,91310,89884,91228,89984
2026-01-10T04:52,91314,89884,91228,90035
2026-01-10T05:19,91314,89882,91228,90194
2026-01-10T05:41,91304,89878,91219,90193
2026-01-10T05:54,91304,89878,91219,90193
2026-01-10T06:34,91302,89877,91211,90193
2026-01-10T06:56,91302,89877,91211,90193
2026-01-10T07:26,91305,89876,91200,90110
2026-01-10T07:42,91315,89874,91199,90284
2026-01-10T07:54,91315,89874,91199,90284
2026-01-10T08:31,91307,89867,90979,90262
2026-01-10T08:52,91307,89867,90979,90262
2026-01-10T09:19,91239,89858,90977,90361
2026-01-10T09:38,91236,89856,90979,90416
2026-01-10T09:51,91236,89856,90979,90416
2026-01-10T10:16,93778,85396,91059,89867
2026-01-10T10:40,93397,84783,91849,90355
2026-01-10T10:53,93397,84783,91849,90355
2026-01-10T11:17,93400,84774,91863,90341
2026-01-10T11:32,93550,84675,91232,86601
2026-01-10T11:45,93550,84675,91232,86601
2026-01-10T11:57,93550,84675,91232,86601
2026-01-10T12:56,93551,84672,91262,86618
2026-01-10T13:34,93559,84685,91244,86656
2026-01-10T13:50,93559,84685,91244,86656
2026-01-10T14:12,93560,84680,91227,86656
2026-01-10T14:36,93569,84684,91237,86865
2026-01-10T14:50,93569,84684,91237,86865
2026-01-10T15:13,93569,84684,91265,86865
2026-01-10T15:34,93610,84668,91350,86920
2026-01-10T15:48,93610,84668,91350,86920
2026-01-10T16:00,93610,84668,91350,86920
2026-01-10T16:36,93610,84668,91350,86920
2026-01-10T16:54,93610,84668,91350,86920
2026-01-10T17:19,93613,84665,91395,86925
2026-01-10T17:38,93617,84660,91461,86925
2026-01-10T17:51,93617,84660,91461,86925
2026-01-10T18:22,93564,84557,91449,87285
2026-01-10T18:51,93517,84556,91464,87382
2026-01-10T19:11,93846,85569,91405,87674
2026-01-10T19:28,93846,85569,91405,87674
2026-01-10T19:43,93846,85569,91405,87674
2026-01-10T19:55,93846,85569,91405,87674
2026-01-10T20:27,93846,85569,91405,87674
2026-01-10T20:45,93842,85560,91432,87681
2026-01-10T20:58,93842,85560,91432,87681
2026-01-10T21:26,93844,85558,91488,87681
2026-01-10T21:43,93846,85557,91498,87714
2026-01-10T21:55,93846,85557,91498,87714
2026-01-10T22:25,93847,85557,91514,87735
2026-01-10T22:45,93881,85511,91513,88372
2026-01-10T22:58,93881,85511,91513,88372
2026-01-10T23:27,93881,85511,91513,88372
2026-01-10T23:44,93789,85409,91491,88383
2026-01-10T23:56,93789,85409,91491,88383
2026-01-11T02:34,93894,88980,90000,89514
2026-01-11T04:03,93924,85197,93486,90513
2026-01-11T04:54,92154,88736,91250,91021
2026-01-11T05:30,92277,88864,90123,89897
2026-01-11T05:51,92271,88872,90129,89951
2026-01-11T06:24,92285,88908,90126,89952
2026-01-11T06:55,92309,88893,89632,89520
2026-01-11T07:25,92310,88892,89632,89580
2026-01-11T07:42,92313,88897,89645,89580
2026-01-11T07:55,92313,88897,89645,89580
2026-01-11T08:32,92594,89152,92504,89733
2026-01-11T08:53,92594,89152,92504,89733
2026-01-11T09:22,92293,89574,92156,90232
2026-01-11T09:41,92292,89708,92082,90560
2026-01-11T09:53,92292,89708,92082,90560
2026-01-11T10:22,92274,89611,91883,90605
2026-01-11T10:44,92286,89588,91768,90679
2026-01-11T10:56,92286,89588,91768,90679
2026-01-11T11:24,92272,89570,91758,90703
2026-01-11T11:39,92260,89551,91792,90723
2026-01-11T11:52,92260,89551,91792,90723
2026-01-11T12:36,92147,89284,91625,90974
2026-01-11T13:18,92154,89303,91610,90952
2026-01-11T13:44,92160,89318,91604,90953
2026-01-11T13:57,92160,89318,91604,90953
2026-01-11T14:27,92183,89350,91504,90975
2026-01-11T14:46,92200,89338,91524,90916
2026-01-11T14:58,92200,89338,91524,90916
2026-01-11T15:29,92192,89313,91525,90990
2026-01-11T15:45,92195,89317,91580,91086
2026-01-11T15:57,92195,89317,91580,91086
2026-01-11T16:34,92193,89313,91584,91216
2026-01-11T16:53,92193,89313,91584,91216
2026-01-11T17:18,92200,89335,91587,91233
2026-01-11T17:38,92207,89321,92406,91239
2026-01-11T17:50,92207,89321,92406,91239
2026-01-11T18:21,92208,89324,92406,91236
2026-01-11T18:49,92210,89329,92406,91251
2026-01-11T19:08,92210,89328,92406,91249
2026-01-11T19:27,92210,89328,92406,91249
2026-01-11T19:41,92209,89328,92380,91255
2026-01-11T19:54,92209,89328,92380,91255
2026-01-11T20:25,92209,89327,92380,91256
2026-01-11T20:45,92191,89318,92359,91282
2026-01-11T20:58,92191,89318,92359,91282
2026-01-11T21:26,92189,89316,92361,91280
2026-01-11T21:43,92192,89325,92360,91279
2026-01-11T21:55,92192,89325,92360,91279
2026-01-11T22:24,92186,89322,92353,91279
2026-01-11T22:45,92183,89328,92331,91273
2026-01-11T22:57,92183,89328,92331,91273
2026-01-11T23:27,92171,89322,92303,91273
2026-01-11T23:44,92160,89318,92296,91267
2026-01-11T23:57,92160,89318,92296,91267
2026-01-12T02:30,94208,85753,93783,88631
2026-01-12T04:02,94235,85700,93461,89131
2026-01-12T04:57,96433,89685,90516,89263
2026-01-12T05:38,94371,85659,92526,89121
2026-01-12T05:58,94371,85659,92526,89121
2026-01-12T06:51,94453,85943,92501,89374
2026-01-12T07:23,94463,85960,92539,89373
2026-01-12T07:47,94433,85865,92516,89264
2026-01-12T08:00,94433,85865,92516,89264
2026-01-12T08:47,94448,85551,92731,89463
2026-01-12T09:19,94441,85536,92784,89729
2026-01-12T09:51,94449,85572,92798,89663
2026-01-12T10:21,94097,89575,90364,89413
2026-01-12T10:49,94071,89570,90328,89417
2026-01-12T11:12,93973,89555,90783,89437
2026-01-12T11:35,93925,89552,91124,89443
2026-01-12T11:50,93925,89552,91124,89443
2026-01-12T12:32,93784,89529,91259,89897
2026-01-12T13:27,93784,89529,91258,89897
2026-01-12T14:00,93689,89529,91358,89900
2026-01-12T14:39,93739,89550,91352,89914
2026-01-12T14:59,93739,89550,91352,89914
2026-01-12T15:36,94190,85681,92139,89042
2026-01-12T15:58,94190,85681,92139,89042
2026-01-12T16:38,94189,85662,91446,88930
2026-01-12T17:01,94192,85671,91412,88988
2026-01-12T17:35,94188,85598,91692,89237
2026-01-12T17:51,94188,85598,91692,89237
2026-01-12T18:26,94165,85587,91673,89248
2026-01-12T18:57,94165,85588,91673,89250
2026-01-12T19:27,94165,85588,91661,89250
2026-01-12T19:43,94170,85616,91656,89247
2026-01-12T19:56,94170,85616,91656,89247
2026-01-12T20:34,94171,85625,91653,89246
2026-01-12T20:53,94171,85625,91653,89246
2026-01-12T21:21,94171,85625,91652,89246
2026-01-12T21:41,94171,85626,91651,89247
2026-01-12T21:54,94171,85626,91651,89247
2026-01-12T22:21,94175,85645,91651,89247
2026-01-12T22:42,94190,85670,91738,89652
2026-01-12T22:55,94190,85670,91738,89652
2026-01-12T23:21,94193,85661,91745,89686
2026-01-12T23:37,94193,85664,91746,89686
2026-01-12T23:49,94193,85664,91746,89686
2026-01-13T02:58,96791,88833,95296,86301
2026-01-13T04:07,96066,87719,91731,87405
2026-01-13T04:52,95114,86700,91731,88741
2026-01-13T05:24,95134,86990,91752,88744
2026-01-13T05:49,95053,86972,91889,88758
2026-01-13T06:18,94914,86522,91806,88768
2026-01-13T06:54,94832,87314,91707,88794
2026-01-13T07:27,94657,87012,91606,88921
2026-01-13T07:46,94650,86991,91204,88929
2026-01-13T07:59,94650,86991,91204,88929
2026-01-13T08:44,94656,87048,91061,88906
2026-01-13T09:15,94666,87124,91050,88526
2026-01-13T09:45,94718,87253,91106,88170
2026-01-13T09:59,94718,87253,91106,88170
2026-01-13T10:37,94672,87349,89388,88823
2026-01-13T10:56,94672,87349,89388,88823
2026-01-13T11:29,94671,87352,89499,88870
2026-01-13T11:46,94672,87376,89435,88719
2026-01-13T11:59,94672,87376,89435,88719
2026-01-13T13:06,94668,87513,89567,88696
2026-01-13T13:51,94667,87510,89581,88691
2026-01-13T14:21,94706,87813,89910,88799
2026-01-13T14:51,94312,86857,90123,88848
2026-01-13T15:21,94459,87527,90902,89192
2026-01-13T15:48,94470,87529,90963,89177
2026-01-13T16:15,94497,87627,91045,89173
2026-01-13T16:53,94519,87622,91082,89304
2026-01-13T17:27,94522,87633,91089,89308
2026-01-13T17:53,94557,87434,91288,89434
2026-01-13T18:31,94557,87415,91288,89440
2026-01-13T18:58,94557,87415,91288,89440
2026-01-13T19:28,94564,87403,91743,89475
2026-01-13T19:42,94566,87435,91738,89481
2026-01-13T19:54,94566,87435,91738,89481
2026-01-13T20:30,94635,87472,91879,89734
2026-01-13T20:51,94635,87472,91879,89734
2026-01-13T21:18,94653,87566,91835,89884
2026-01-13T21:39,94898,87115,91887,90652
2026-01-13T21:53,94898,87115,91887,90652
2026-01-13T22:23,94930,87650,91861,90665
2026-01-13T22:47,95314,87180,92344,91802
2026-01-13T23:00,95314,87180,92344,91802
2026-01-13T23:28,95399,87123,92526,91923
2026-01-13T23:45,95861,86620,93327,92650
2026-01-13T23:57,95861,86620,93327,92650
2026-01-14T02:29,95665,90181,93054,91974
2026-01-14T04:00,95458,86591,94662,93186
2026-01-14T04:53,95556,86797,94732,93241
2026-01-14T05:23,95585,87380,94870,93151
2026-01-14T05:49,95632,87592,94962,93541
2026-01-14T06:19,95665,87609,94915,93589
2026-01-14T06:54,95716,87526,94918,93575
2026-01-14T07:29,95743,87692,94544,93576
2026-01-14T07:48,96022,84941,94731,92235
2026-01-14T08:15,96031,85947,95201,92179
2026-01-14T08:53,96122,86646,95088,92154
2026-01-14T09:21,96244,86835,95333,91156
2026-01-14T09:50,96225,86623,95295,91099
2026-01-14T10:17,96214,86282,95291,91406
2026-01-14T10:47,96236,86446,95183,91628
2026-01-14T11:10,96239,86473,95165,91769
2026-01-14T11:34,96240,86482,95174,91767
2026-01-14T11:51,96240,86482,95174,91767
2026-01-14T12:36,96268,87079,95200,94469
2026-01-14T13:27,96269,87086,95200,94465
2026-01-14T13:59,96269,87225,95299,94397
2026-01-14T14:37,96333,86743,95365,94735
2026-01-14T14:59,96333,86743,95365,94735
2026-01-14T15:34,96649,88287,96297,94676
2026-01-14T15:53,96649,88287,96297,94676
2026-01-14T16:30,96661,88275,96294,94705
2026-01-14T16:59,96765,88120,96349,94799
2026-01-14T17:37,96817,88254,96403,94879
2026-01-14T17:55,96817,88254,96403,94879
2026-01-14T18:41,96836,88444,96393,94623
2026-01-14T19:01,96841,88450,96396,94647
2026-01-14T19:28,96841,88450,96396,94647
2026-01-14T19:45,96845,88402,96395,94638
2026-01-14T19:57,96845,88402,96395,94638
2026-01-14T20:31,96873,88292,96387,94602
2026-01-14T20:50,96873,88292,96387,94602
2026-01-14T21:15,96881,88334,96391,94585
2026-01-14T21:39,96886,88338,96395,94645
2026-01-14T21:54,96886,88338,96395,94645
2026-01-14T22:26,96910,88510,96501,94868
2026-01-14T22:49,96928,88741,96331,94794
2026-01-14T23:10,96929,88779,96310,94783
2026-01-14T23:30,96929,88779,96310,94783
2026-01-14T23:45,96930,88802,96311,94804
2026-01-14T23:57,96930,88802,96311,94804
2026-01-15T02:23,98931,93875,96326,95275
2026-01-15T03:52,98503,93510,96342,95963
2026-01-15T04:39,98408,93450,96250,95730
2026-01-15T05:03,98407,93450,96225,95734
2026-01-15T05:39,98412,93462,96210,95682
2026-01-15T05:56,98412,93462,96210,95682
2026-01-15T06:45,98424,93478,95931,95618
2026-01-15T07:14,98429,93486,96271,95604
2026-01-15T07:40,98384,93397,95461,95184
2026-01-15T07:55,98384,93397,95461,95184
2026-01-15T08:37,98310,93460,95205,93933
2026-01-15T09:00,98319,93476,95076,93935
2026-01-15T09:38,98311,93482,95074,94190
2026-01-15T09:56,98311,93482,95074,94190
2026-01-15T10:33,98183,93197,95273,94227
2026-01-15T10:54,98183,93197,95273,94227
2026-01-15T11:23,98189,93195,95374,94338
2026-01-15T11:42,97793,92652,95357,94670
2026-01-15T11:55,97793,92652,95357,94670
2026-01-15T12:56,97707,92561,95393,94764
2026-01-15T13:46,97724,92583,95407,94849
2026-01-15T14:12,97726,92582,95417,94852
2026-01-15T14:45,97750,92635,95577,94987
2026-01-15T15:01,97753,92707,95513,95019
2026-01-15T15:37,97743,92650,95433,94939
2026-01-15T16:02,97574,92529,95394,95334
2026-01-15T16:50,97588,92587,95374,95100
2026-01-15T17:27,97565,92560,95387,95116
2026-01-15T17:59,97471,92302,95332,95099
2026-01-15T18:51,97473,92329,95330,95102
2026-01-15T19:20,97475,92359,95328,94939
2026-01-15T19:43,97410,92311,95324,94929
2026-01-15T19:57,97410,92311,95324,94929
2026-01-15T20:35,97333,92275,95316,94926
2026-01-15T20:55,97333,92275,95316,94926
2026-01-15T21:27,97323,92289,95302,94926
2026-01-15T21:46,97310,92297,95306,94926
2026-01-15T21:58,97310,92297,95306,94926
2026-01-15T22:32,97304,92388,95296,94910
2026-01-15T22:51,97304,92388,95296,94910
2026-01-15T23:16,97305,92390,95359,94972
2026-01-15T23:38,97305,92399,95359,94973
2026-01-15T23:51,97305,92399,95359,94973
2026-01-16T01:24,112831,89603,104000,89970
2026-01-16T03:16,97917,77788,95979,93865
2026-01-16T04:12,97898,82455,95283,94040
2026-01-16T04:53,98180,88050,95270,92060
2026-01-16T05:26,98205,88118,95275,92018
2026-01-16T05:50,98875,89786,95296,92012
2026-01-16T06:23,98876,89785,95313,92020
2026-01-16T06:56,98930,89768,95402,92084
2026-01-16T07:32,99165,89627,91687,91116
2026-01-16T07:49,99165,89627,91687,91116
2026-01-16T08:18,99147,89611,92070,91278
2026-01-16T08:48,98887,89328,92343,91710
2026-01-16T09:16,98629,89047,93480,91911
2026-01-16T09:44,98607,88776,93544,91763
2026-01-16T09:57,98607,88776,93544,91763
2026-01-16T10:35,98781,89106,93889,91982
2026-01-16T10:55,98781,89106,93889,91982
2026-01-16T11:24,98866,89043,94226,92560
2026-01-16T11:43,98879,89049,94325,92336
2026-01-16T11:55,98879,89049,94325,92336
2026-01-16T12:58,98888,89112,94376,92501
2026-01-16T13:44,98917,89137,94547,92501
2026-01-16T14:01,98921,89145,94475,92494
2026-01-16T14:37,98910,89144,94447,92529
2026-01-16T14:57,98910,89144,94447,92529
2026-01-16T15:33,98965,89263,94607,92766
2026-01-16T15:52,98965,89263,94607,92766
2026-01-16T16:25,99303,89547,94218,91637
2026-01-16T16:55,99266,89527,94094,91712
2026-01-16T17:29,99264,89525,94098,91728
2026-01-16T17:51,99234,89513,94092,91739
2026-01-16T18:24,99237,89516,94092,91755
2026-01-16T18:56,99226,89510,94088,91790
2026-01-16T19:24,99244,89534,94077,91755
2026-01-16T19:39,99232,89552,94084,91770
2026-01-16T19:52,99232,89552,94084,91770
2026-01-16T20:19,99153,89536,94085,91889
2026-01-16T20:40,99096,89596,94102,91936
2026-01-16T20:54,99096,89596,94102,91936
2026-01-16T21:26,99174,89718,94097,91971
2026-01-16T21:44,99160,89724,94097,92026
2026-01-16T21:56,99160,89724,94097,92026
2026-01-16T22:30,99156,89723,94097,92041
2026-01-16T22:49,99156,89723,94097,92041
2026-01-16T23:11,99155,89725,94100,92043
2026-01-16T23:34,99155,89725,94100,92043
2026-01-16T23:48,99155,89725,94100,92043
2026-01-17T00:45,96689,94966,95775,95490
2026-01-17T02:30,97586,84619,99037,88002
2026-01-17T03:45,97626,84869,99002,87691
2026-01-17T04:20,97630,84864,98999,87790
2026-01-17T04:50,97642,84941,98993,87886
2026-01-17T05:13,97668,85055,98971,87926
2026-01-17T05:39,97702,85503,98966,88097
2026-01-17T05:52,97702,85503,98966,88097
2026-01-17T06:30,97722,85579,99012,88242
2026-01-17T06:54,97730,85620,99129,88256
2026-01-17T07:23,97740,85642,99111,88491
2026-01-17T07:39,97738,85663,99065,88432
2026-01-17T07:51,97738,85663,99065,88432
2026-01-17T08:21,97778,85957,99042,88586
2026-01-17T08:46,97800,85956,99070,89532
2026-01-17T08:58,97800,85956,99070,89532
2026-01-17T09:29,97790,85949,98888,89967
2026-01-17T09:45,97795,85977,98853,89970
2026-01-17T09:58,97795,85977,98853,89970
2026-01-17T10:30,97861,87094,98815,90594
2026-01-17T10:48,97861,87094,98815,90594
2026-01-17T11:00,97882,87084,98809,90821
2026-01-17T11:25,97882,87084,98809,90821
2026-01-17T11:41,97884,87106,98810,90848
2026-01-17T11:53,97884,87106,98810,90848
2026-01-17T12:41,97905,87243,98249,90850
2026-01-17T13:19,97905,87243,98249,90850
2026-01-17T13:43,97910,87231,98244,90896
2026-01-17T13:56,97910,87231,98244,90896
2026-01-17T14:26,97914,87306,98189,90914
2026-01-17T14:45,97986,87334,98194,91697
2026-01-17T14:57,97986,87334,98194,91697
2026-01-17T15:28,98009,87768,98116,91724
2026-01-17T15:45,98022,88151,97963,91734
2026-01-17T15:57,98022,88151,97963,91734
2026-01-17T16:33,98033,88312,97966,91724
2026-01-17T16:51,98033,88312,97966,91724
2026-01-17T17:12,98044,88393,98025,91740
2026-01-17T17:33,98064,88463,97944,91825
2026-01-17T17:46,98064,88463,97944,91825
2026-01-17T17:58,98064,88463,97944,91825
2026-01-17T18:39,96109,94767,95854,95325
2026-01-17T18:56,96109,94767,95854,95325
2026-01-17T19:22,96116,94771,95842,95325
2026-01-17T19:36,96116,94771,95845,95320
2026-01-17T19:49,96116,94771,95845,95320
2026-01-17T20:11,96116,94771,95845,95320
2026-01-17T20:35,96117,94771,95846,95321
2026-01-17T20:50,96117,94771,95846,95321
2026-01-17T21:13,96119,94772,95846,95316
2026-01-17T21:31,96119,94772,95852,95309
2026-01-17T21:45,96119,94772,95852,95309
2026-01-17T21:57,96119,94772,95852,95309
2026-01-17T22:28,96119,94772,95852,95295
2026-01-17T22:46,96118,94773,95847,95294
2026-01-17T22:59,96118,94773,95847,95294
2026-01-17T23:27,96189,94742,95343,95298
2026-01-17T23:44,96190,94742,95343,95292
2026-01-17T23:56,96190,94742,95343,95292
2026-01-18T02:32,102052,92646,95250,92979
2026-01-18T03:58,96391,93929,94187,93604
2026-01-18T04:48,96855,94132,94437,93971
2026-01-18T05:14,96947,94157,94540,93978
2026-01-18T05:42,96951,94155,94516,93978
2026-01-18T05:55,96951,94155,94516,93978
2026-01-18T06:38,97146,94085,97351,94484
2026-01-18T06:58,97146,94085,97351,94484
2026-01-18T07:28,97267,94100,97451,95169
2026-01-18T07:43,100776,89717,92683,86712
2026-01-18T07:56,100776,89717,92683,86712
2026-01-18T08:35,95982,93218,96590,95118
2026-01-18T08:54,95982,93218,96590,95118
2026-01-18T09:25,96116,93402,96469,94804
2026-01-18T09:43,96176,93432,96270,94750
2026-01-18T09:55,96176,93432,96270,94750
2026-01-18T10:27,96260,93440,96227,94650
2026-01-18T10:46,96302,93467,96038,94623
2026-01-18T10:58,96302,93467,96038,94623
2026-01-18T11:24,96337,93511,95984,94732
2026-01-18T11:39,96350,93524,95938,94718
2026-01-18T11:52,96350,93524,95938,94718
2026-01-18T12:34,96387,93561,95870,94719
2026-01-18T13:16,96393,93564,95870,94748
2026-01-18T13:43,96444,93583,95701,94800
2026-01-18T13:55,96444,93583,95701,94800
2026-01-18T14:25,96448,93576,95687,95067
2026-01-18T14:43,96454,93568,95670,95167
2026-01-18T14:56,96454,93568,95670,95167
2026-01-18T15:27,96465,93577,95671,95141
2026-01-18T15:43,96466,93577,95671,95157
2026-01-18T15:56,96466,93577,95671,95157
2026-01-18T16:34,96466,93578,95670,95150
2026-01-18T16:53,96466,93578,95670,95150
2026-01-18T17:17,96470,93581,95619,95142
2026-01-18T17:37,96485,93604,95566,95081
2026-01-18T17:50,96485,93604,95566,95081
2026-01-18T18:18,96486,93605,95566,95073
2026-01-18T18:46,96487,93605,95563,95064
2026-01-18T18:58,96487,93605,95563,95064
2026-01-18T19:24,96455,93580,95597,95059
2026-01-18T19:38,96456,93581,95596,95062
2026-01-18T19:51,96456,93581,95596,95062
2026-01-18T20:16,96456,93581,95602,95061
2026-01-18T20:39,96458,93587,95604,95052
2026-01-18T20:53,96458,93587,95604,95052
2026-01-18T21:18,96460,93591,95604,95041
2026-01-18T21:35,96461,93594,95604,95037
2026-01-18T21:47,96461,93594,95604,95037
2026-01-18T21:59,96461,93594,95604,95037
2026-01-18T22:30,96460,93594,95591,95039
2026-01-18T22:48,96460,93594,95591,95039
2026-01-18T23:09,96321,93440,95488,95034
2026-01-18T23:31,96318,93448,95470,95035
2026-01-18T23:47,96318,93448,95470,95035
2026-01-18T23:59,96318,93448,95470,95035
2026-01-19T02:31,94941,86651,91489,89811
2026-01-19T04:04,95113,87163,90746,89631
2026-01-19T05:00,95120,87175,90740,89664
2026-01-19T05:43,95082,87111,90707,89762
2026-01-19T06:01,95091,87139,90692,89760
2026-01-19T06:55,95092,87140,90692,89760
2026-01-19T07:34,95151,87357,90823,89855
2026-01-19T07:53,95151,87357,90823,89855
2026-01-19T08:36,95208,87483,91003,89988
2026-01-19T09:02,95240,87521,91035,90086
2026-01-19T09:47,95248,87524,91170,90091
2026-01-19T10:15,95245,87513,91180,90067
2026-01-19T10:50,95249,87513,91200,90091
2026-01-19T11:16,95250,87514,91204,90092
2026-01-19T11:40,95250,87502,91206,90211
2026-01-19T11:54,95250,87502,91206,90211
2026-01-19T12:56,95253,87486,91220,90322
2026-01-19T13:50,95258,87490,91360,90416
2026-01-19T14:20,95258,87490,91360,90419
2026-01-19T14:51,95258,87483,91357,90212
2026-01-19T15:22,95267,87474,91368,89573
2026-01-19T15:49,95278,87498,91362,89613
2026-01-19T16:17,95276,87491,91368,89659
2026-01-19T16:51,95279,87498,91370,89663
2026-01-19T17:19,95283,87497,91364,89790
2026-01-19T17:45,95285,87502,91363,89799
2026-01-19T17:57,95285,87502,91363,89799
2026-01-19T18:45,95376,87771,91381,89969
2026-01-19T19:09,95377,87769,91466,89969
2026-01-19T19:31,95378,87766,91466,89994
2026-01-19T19:46,95378,87766,91466,89994
2026-01-19T19:58,95378,87766,91466,89994
2026-01-19T20:34,94682,91195,94119,93881
2026-01-19T20:52,94682,91195,94119,93881
2026-01-19T21:18,94682,91197,94118,93882
2026-01-19T21:38,94684,91202,94114,93877
2026-01-19T21:51,94684,91202,94114,93877
2026-01-19T22:17,94685,91208,94114,93883
2026-01-19T22:42,95319,87603,91467,90719
2026-01-19T22:56,95319,87603,91467,90719
2026-01-19T23:28,95322,87612,91464,91016
2026-01-19T23:47,94972,91652,94039,93839
2026-01-19T23:59,94972,91652,94039,93839
2026-01-20T02:26,97430,91097,92422,90447
2026-01-20T03:56,96287,86435,95495,91551
2026-01-20T04:52,96355,87900,95427,91025
2026-01-20T05:27,96375,88156,95365,90922
2026-01-20T05:54,96448,88539,95152,90557
2026-01-20T06:41,95359,88573,93552,90936
2026-01-20T07:16,95377,88601,93926,91156
2026-01-20T07:45,95295,88581,93725,90707
2026-01-20T07:58,95295,88581,93725,90707
2026-01-20T08:47,95401,88626,93594,90955
2026-01-20T09:20,95390,88595,93010,90879
2026-01-20T09:53,95447,88633,93027,90881
2026-01-20T10:27,95296,88612,93254,90954
2026-01-20T10:56,95271,88604,93247,91008
2026-01-20T11:30,95275,88588,93030,91612
2026-01-20T11:50,95275,88588,93030,91612
2026-01-20T12:31,95256,88582,93039,91620
2026-01-20T13:30,95253,88576,93030,91707
2026-01-20T14:03,95215,88558,92986,91706
2026-01-20T14:48,94911,88386,93181,92329
2026-01-20T15:18,94568,88018,92980,92530
2026-01-20T15:51,95701,88244,92597,91370
2026-01-20T16:28,95824,88302,92384,91326
2026-01-20T17:01,95699,88265,92236,91300
2026-01-20T17:43,95691,88263,92203,91299
2026-01-20T18:00,95340,88219,92051,91299
2026-01-20T19:08,95039,88174,92114,91414
2026-01-20T20:19,94922,88157,92336,91437
2026-01-20T20:52,94876,88149,92320,91496
2026-01-20T21:18,94864,88147,92315,91488
2026-01-20T21:40,94846,88144,92309,91489
2026-01-20T21:52,94846,88144,92309,91489
2026-01-20T22:21,94816,88136,92268,91484
2026-01-20T22:43,94816,88136,92264,91483
2026-01-20T22:55,94816,88136,92264,91483
2026-01-20T23:29,94732,88113,92205,91533
2026-01-20T23:48,94709,88092,92024,91499
2026-01-21T02:29,93108,87235,89606,87576
2026-01-21T03:56,93019,87250,89719,87884
2026-01-21T04:51,93165,87150,89379,87956
2026-01-21T05:24,93201,87157,89329,88012
2026-01-21T05:53,92874,87057,91318,89334
2026-01-21T06:37,92848,87038,91436,89333
2026-01-21T07:04,92764,87004,91448,89339
2026-01-21T07:41,92724,86986,91450,89339
2026-01-21T07:58,92724,86986,91450,89339
2026-01-21T08:45,92842,87062,91122,89435
2026-01-21T09:19,92921,87104,91113,89599
2026-01-21T09:51,92947,87143,91137,89601
2026-01-21T10:22,92763,87083,91055,89694
2026-01-21T10:54,92648,87024,91428,89945
2026-01-21T11:28,92654,87030,91428,89966
2026-01-21T11:48,92651,87029,91430,89962
2026-01-21T12:20,92651,87028,91425,89962
2026-01-21T13:24,92373,86914,91208,90212
2026-01-21T14:01,92709,87121,91179,90180
2026-01-21T14:47,92758,87054,92270,90137
2026-01-21T15:17,92718,87025,92079,89671
2026-01-21T15:52,92692,86898,91454,89644
2026-01-21T16:43,92688,86903,91449,89688
2026-01-21T17:43,92760,86855,91074,89380
2026-01-21T18:25,92694,86845,91074,89379
2026-01-21T19:06,92668,86804,90970,88970
2026-01-21T19:41,92695,86774,90828,88881
2026-01-21T20:03,92967,87206,91045,89503
2026-01-21T20:46,92777,87104,90978,89628
2026-01-21T21:16,92788,87111,90939,89630
2026-01-21T21:47,92794,87123,90932,89438
2026-01-21T22:01,92794,87127,90939,89441
2026-01-21T22:39,92794,87126,90923,89427
2026-01-21T22:59,92794,87126,90923,89427
2026-01-21T23:35,92829,87210,90857,89417
2026-01-21T23:55,92829,87210,90857,89417
2026-01-22T02:06,94956,89107,93772,92105
2026-01-22T03:54,92905,88653,92572,88252
2026-01-22T04:52,92817,88533,92750,88300
2026-01-22T05:25,95252,88833,90455,88821
2026-01-22T05:53,95244,88833,90459,88821
2026-01-22T06:36,95185,88833,90473,88838
2026-01-22T07:03,94829,88828,90481,88859
2026-01-22T07:38,93201,88775,91041,88867
2026-01-22T07:54,93201,88775,91041,88867
2026-01-22T08:38,93143,88765,91049,88909
2026-01-22T09:04,93117,88762,91046,88888
2026-01-22T09:46,92996,88765,91423,89133
2026-01-22T10:02,92955,88767,90688,89079
2026-01-22T10:45,92914,88762,90762,88840
2026-01-22T11:12,92909,88757,89857,88754
2026-01-22T11:38,92896,88755,90085,88799
2026-01-22T11:54,92896,88755,90085,88799
2026-01-22T12:59,92864,88747,90013,88996
2026-01-22T13:53,92827,88738,90643,89008
2026-01-22T14:30,92783,88728,90457,89005
2026-01-22T14:59,92783,88728,90457,89005
2026-01-22T15:42,92915,88600,89237,88654
2026-01-22T16:03,92739,88518,88983,88639
2026-01-22T16:50,92816,88466,88948,88523
2026-01-22T17:21,91893,88364,88947,88744
2026-01-22T17:53,91906,88365,88930,88749
2026-01-22T18:32,91932,88297,89086,88757
2026-01-22T19:02,91945,88095,88790,88762
2026-01-22T19:33,91887,88086,88795,88760
2026-01-22T19:50,91887,88086,88795,88760
2026-01-22T20:18,91889,88085,88784,88762
2026-01-22T20:46,91887,88086,88781,88754
2026-01-22T21:01,91839,88078,88795,88754
2026-01-22T21:35,91835,88078,88838,88780
2026-01-22T21:54,91835,88078,88838,88780
2026-01-22T22:26,91833,88079,88842,88781
2026-01-22T22:50,91801,88066,88846,88782
2026-01-22T23:15,91800,88082,88846,88794
2026-01-22T23:38,91803,88081,88843,88781
2026-01-22T23:52,91803,88081,88843,88781
2026-01-23T01:42,96203,80481,95570,88758
2026-01-23T03:23,96224,83063,95561,87232
2026-01-23T04:28,96241,83958,99766,96354
2026-01-23T05:02,96195,83947,100017,96269
2026-01-23T05:40,96199,83997,99950,96267
2026-01-23T05:57,96199,83997,99950,96267
2026-01-23T06:49,96185,84840,99971,95916
2026-01-23T07:18,96183,84849,100122,95857
2026-01-23T07:42,96188,84874,98757,95910
2026-01-23T07:55,96188,84874,98757,95910
2026-01-23T08:39,96511,85822,95979,94795
2026-01-23T09:02,96123,85614,94194,93495
2026-01-23T09:41,96048,85544,94103,93095
2026-01-23T09:58,96048,85544,94103,93095
2026-01-23T10:37,95812,85449,93840,92950
2026-01-23T10:58,95812,85449,93840,92950
2026-01-23T11:29,94527,85237,93830,92632
2026-01-23T11:47,94495,85222,93836,92631
2026-01-23T12:00,94467,85211,93654,92631
2026-01-23T13:07,94433,85204,93644,92521
2026-01-23T13:53,94799,85369,92004,91791
2026-01-23T14:25,93597,85074,92040,90429
2026-01-23T14:53,93599,85076,92036,90428
2026-01-23T15:27,93517,84999,91970,90902
2026-01-23T15:52,93876,85323,91498,91092
2026-01-23T16:27,93849,85310,91510,91178
2026-01-23T16:59,93841,85305,91492,91179
2026-01-23T17:33,93787,85260,91485,91272
2026-01-23T17:52,93787,85260,91485,91272
2026-01-23T18:31,93816,85253,91435,91235
2026-01-23T19:01,93957,85458,91446,91234
2026-01-23T19:32,93894,85434,91471,91250
2026-01-23T19:47,93894,85434,91471,91250
2026-01-23T19:59,93894,85434,91471,91250
2026-01-23T20:36,93905,85466,91414,91238
2026-01-23T20:55,93905,85466,91414,91238
2026-01-23T21:27,93879,85453,91344,91202
2026-01-23T21:45,93884,85456,91348,91190
2026-01-23T21:57,93884,85456,91348,91190
2026-01-23T22:28,93885,85457,91348,91189
2026-01-23T22:47,93889,85461,91347,91171
2026-01-23T22:59,93889,85461,91347,91171
2026-01-23T23:30,93890,85461,91344,91170
2026-01-23T23:47,93890,85461,91344,91170
2026-01-24T02:22,95546,84180,96634,85950
2026-01-24T03:47,92446,83177,93046,85832
2026-01-24T04:24,92448,83180,93039,85916
2026-01-24T04:55,92414,83048,92981,86796
2026-01-24T05:27,92517,83632,92886,86862
2026-01-24T05:47,92591,83622,92882,92514
2026-01-24T05:59,92591,83622,92882,92514
2026-01-24T06:45,92573,83443,93076,92362
2026-01-24T07:01,92594,83473,93069,92369
2026-01-24T07:29,92594,83473,93069,92369
2026-01-24T07:44,92708,84463,92598,91571
2026-01-24T07:56,92708,84463,92598,91571
2026-01-24T08:36,92929,84814,92511,90785
2026-01-24T08:56,92929,84814,92511,90785
2026-01-24T09:28,93142,85142,92479,90753
2026-01-24T09:45,93167,85127,93717,90794
2026-01-24T09:57,93167,85127,93717,90794
2026-01-24T10:31,93286,85217,93729,90530
2026-01-24T10:49,93286,85217,93729,90530
2026-01-24T11:09,93290,85223,93722,90530
2026-01-24T11:29,93290,85223,93722,90530
2026-01-24T11:44,93362,85296,93834,90530
2026-01-24T11:56,93362,85296,93834,90530
2026-01-24T12:57,93279,85242,93828,90534
2026-01-24T13:37,93436,85416,93692,90531
2026-01-24T13:52,93436,85416,93692,90531
2026-01-24T14:18,93447,85450,93697,90559
2026-01-24T14:40,93111,85188,93285,90539
2026-01-24T14:53,93111,85188,93285,90539
2026-01-24T15:20,93113,85186,93134,90541
2026-01-24T15:39,93113,85186,93394,90509
2026-01-24T15:52,93113,85186,93394,90509
2026-01-24T16:24,93110,85182,93386,90509
2026-01-24T16:48,90458,88880,89205,88615
2026-01-24T17:08,90495,88856,88572,88410
2026-01-24T17:33,90491,88856,88572,88412
2026-01-24T17:47,90491,88856,88572,88412
2026-01-24T17:59,90491,88856,88572,88412
2026-01-24T18:42,90484,88856,88581,88411
2026-01-24T18:59,90484,88856,88581,88411
2026-01-24T19:24,90486,88856,88581,88412
2026-01-24T19:39,90498,88857,88601,88410
2026-01-24T19:52,90498,88857,88601,88410
2026-01-24T20:18,90498,88857,88600,88411
2026-01-24T20:39,90502,88858,88606,88411
2026-01-24T20:53,90502,88858,88606,88411
2026-01-24T21:18,90514,88850,88608,88408
2026-01-24T21:35,90537,88851,88579,88431
2026-01-24T21:47,90537,88851,88579,88431
2026-01-24T22:00,90603,88818,88477,88377
2026-01-24T22:31,90592,88818,88477,88383
2026-01-24T22:48,90592,88818,88477,88383
2026-01-24T23:09,90580,88815,88475,88379
2026-01-24T23:31,90583,88813,88449,88379
2026-01-24T23:46,90583,88813,88449,88379
2026-01-24T23:59,90583,88813,88449,88379
2026-01-25T02:38,93204,86231,93208,90764
2026-01-25T04:07,91326,79906,90943,90840
2026-01-25T05:00,91312,80998,90896,90203
2026-01-25T05:38,91314,81188,90894,90134
2026-01-25T05:56,91314,81188,90894,90134
2026-01-25T06:44,91310,81182,90892,90117
2026-01-25T07:01,91312,81303,90904,90061
2026-01-25T07:31,91311,81322,90904,90025
2026-01-25T07:46,91311,81322,90904,90025
2026-01-25T07:59,91311,81322,90904,90025
2026-01-25T08:38,91321,82333,90794,89958
2026-01-25T08:56,91321,82333,90794,89958
2026-01-25T09:30,91233,81772,84687,82613
2026-01-25T09:48,91233,81772,84687,82613
2026-01-25T10:00,92077,83265,86130,83309
2026-01-25T10:34,92114,83275,86501,83252
2026-01-25T10:52,92114,83275,86501,83252
2026-01-25T11:15,92156,83311,86107,83256
2026-01-25T11:32,92190,83344,86054,83270
2026-01-25T11:46,92190,83344,86054,83270
2026-01-25T11:58,92190,83344,86054,83270
2026-01-25T13:00,92199,83348,86060,83294
2026-01-25T13:39,92210,83352,86075,83302
2026-01-25T13:55,92210,83352,86075,83302
2026-01-25T14:25,92262,83406,86096,83289
2026-01-25T14:45,92238,83375,86019,83491
2026-01-25T14:57,92238,83375,86019,83491
2026-01-25T15:29,92369,83555,86203,83790
2026-01-25T15:46,92444,83630,86216,83878
2026-01-25T15:58,92444,83630,86216,83878
2026-01-25T16:36,93300,84149,86178,85218
2026-01-25T16:55,93300,84149,86178,85218
2026-01-25T17:24,94493,84432,85961,85830
2026-01-25T17:43,94400,84533,85973,85777
2026-01-25T17:55,94400,84533,85973,85777
2026-01-25T18:38,94240,84512,86624,86141
2026-01-25T18:58,94240,84512,86624,86141
2026-01-25T19:25,93766,84465,86765,86358
2026-01-25T19:40,93779,84458,86812,86388
2026-01-25T19:53,93779,84458,86812,86388
2026-01-25T20:23,94941,84579,87007,86281
2026-01-25T20:46,97195,84509,86707,85704
2026-01-25T20:58,97195,84509,86707,85704
2026-01-25T21:27,97171,84482,86626,85728
2026-01-25T21:44,97350,84642,87542,85804
2026-01-25T21:57,97350,84642,87542,85804
2026-01-25T22:29,97054,84629,87553,85806
2026-01-25T22:48,97047,84604,87562,85633
2026-01-25T23:10,97060,84599,87460,85755
2026-01-25T23:33,96126,84481,87074,85746
2026-01-25T23:49,96126,84481,87074,85746
2026-01-26T01:00,90757,83559,92084,89147
2026-01-26T03:21,93022,85338,93498,88364
2026-01-26T04:38,92813,84708,90894,86694
2026-01-26T05:21,92714,84689,90893,86698
2026-01-26T05:53,92636,84654,90963,86917
2026-01-26T06:36,92633,84606,88829,86313
2026-01-26T07:04,94128,84368,85517,85006
2026-01-26T07:39,93891,84340,86043,85873
2026-01-26T07:55,93891,84340,86043,85873
2026-01-26T08:41,93733,84331,86091,85874
2026-01-26T09:18,93804,84317,86275,85766
2026-01-26T09:52,93768,84299,86391,85651
2026-01-26T10:24,93810,84307,86481,85534
2026-01-26T10:52,93736,84303,86548,86058
2026-01-26T11:20,93757,84312,86551,86098
2026-01-26T11:40,93632,84297,86570,86114
2026-01-26T11:53,93632,84297,86570,86114
2026-01-26T12:52,93653,84298,85110,83730
2026-01-26T13:42,93653,84296,85411,83736
2026-01-26T14:15,93648,84296,85420,83737
2026-01-26T14:50,93550,84274,85870,84387
2026-01-26T15:21,93469,84305,86020,84673
2026-01-26T15:51,93455,84295,85933,84664
2026-01-26T16:27,92914,84212,86117,84684
2026-01-26T17:02,92831,84213,86133,84698
2026-01-26T17:43,92878,84227,86142,84742
2026-01-26T18:00,92878,84227,86142,84742
2026-01-26T18:52,93845,84481,86257,85057
2026-01-26T19:21,93751,84483,86276,85091
2026-01-26T19:43,93744,84483,86281,85095
2026-01-26T19:57,93744,84483,86281,85095
2026-01-26T20:37,93721,84481,86284,85107
2026-01-26T20:57,93721,84481,86284,85107
2026-01-26T21:33,93466,84420,86284,85116
2026-01-26T21:52,93466,84420,86284,85116
2026-01-26T22:20,93501,84403,86204,85123
2026-01-26T22:45,93502,84403,86260,85123
2026-01-26T22:59,93502,84403,86260,85123
2026-01-26T23:32,93536,84400,86267,85117
2026-01-26T23:51,93536,84400,86267,85117
2026-01-27T01:21,92751,85385,87111,86248
2026-01-27T03:21,111490,87454,88692,88665
2026-01-27T04:31,105114,87436,88879,88630
2026-01-27T05:03,104910,87435,88881,88630
2026-01-27T05:42,104613,87409,88930,86985
2026-01-27T05:59,104613,87409,88930,86985
2026-01-27T06:52,98497,87354,89107,88417
2026-01-27T07:25,87800,87800,93974,88525
2026-01-27T07:49,87797,87797,93863,88567
2026-01-27T08:19,87792,87792,93591,88635
2026-01-27T08:54,87787,87787,92007,88501
2026-01-27T09:37,87752,87752,92033,88302
2026-01-27T09:59,87752,87752,92033,88302
2026-01-27T10:43,148959,87642,94094,89774
2026-01-27T11:02,147973,87624,93942,89718
2026-01-27T11:33,147089,87623,93937,89687
2026-01-27T11:52,147089,87623,93937,89687
2026-01-27T12:46,117881,87523,93785,89850
2026-01-27T13:37,115514,87430,93251,89436
2026-01-27T14:06,115371,87425,93209,89438
2026-01-27T14:50,114337,87420,93172,89458
2026-01-27T15:24,113272,87391,93090,89686
2026-01-27T15:52,110921,87369,92401,89688
2026-01-27T16:27,110003,87355,92377,89645
2026-01-27T16:59,105462,87328,91976,89554
2026-01-27T17:38,102451,87279,91521,89351
2026-01-27T17:58,102451,87279,91521,89351
2026-01-27T18:53,102897,87067,90143,89307
2026-01-27T19:27,102560,87066,90147,89313
2026-01-27T19:49,100969,87044,90142,89261
2026-01-27T20:14,100400,87038,90125,89357
2026-01-27T20:42,100276,87038,90124,89382
2026-01-27T20:58,100276,87038,90124,89382
2026-01-27T21:28,99592,87105,89717,89421
2026-01-27T21:46,99430,87106,89718,89441
2026-01-27T21:58,99430,87106,89718,89441
2026-01-27T22:32,99341,87104,89703,89460
2026-01-27T22:52,99341,87104,89703,89460
2026-01-27T23:19,99257,87102,89704,89474
2026-01-27T23:41,98595,87095,89709,89558
2026-01-27T23:55,98595,87095,89709,89558
2026-01-28T02:20,87416,87416,88003,86690
2026-01-28T03:54,93265,87296,89461,88152
2026-01-28T04:48,93271,87295,89466,88078
2026-01-28T05:19,93025,87270,89414,88707
2026-01-28T05:48,94083,87506,89413,89100
2026-01-28T06:19,94427,87547,89436,89216
2026-01-28T06:58,95043,87651,89292,89199
2026-01-28T07:35,94417,87592,89194,88395
2026-01-28T07:53,94417,87592,89194,88395
2026-01-28T08:32,94053,87564,89392,88879
2026-01-28T09:02,94007,87561,89416,88906
2026-01-28T09:46,94027,87536,89284,88914
2026-01-28T10:14,93867,87518,89135,88939
2026-01-28T10:50,93778,87500,88974,88936
2026-01-28T11:18,93781,87500,88979,88944
2026-01-28T11:40,94084,87583,89053,88916
2026-01-28T11:56,94084,87583,89053,88916
2026-01-28T13:08,94676,87834,89914,88702
2026-01-28T13:56,94667,87836,89179,88446
2026-01-28T14:39,94785,87877,89714,89045
2026-01-28T15:04,94076,87835,89805,89296
2026-01-28T15:48,94110,87844,89786,89329
2026-01-28T16:20,94234,87858,89793,89245
2026-01-28T17:04,94197,87850,89763,89172
2026-01-28T17:47,94191,87850,89756,89169
2026-01-28T18:20,94194,87840,89735,89084
2026-01-28T19:01,94229,87914,89734,89588
2026-01-28T19:39,94113,87902,89721,89612
2026-01-28T19:57,94113,87902,89721,89612
2026-01-28T20:42,94035,87898,89748,89617
2026-01-28T21:15,94030,87900,89752,89594
2026-01-28T21:48,94017,87898,89755,89590
2026-01-28T22:14,93928,87893,89766,89609
2026-01-28T22:48,93833,87884,89776,89604
2026-01-28T23:16,93833,87884,89776,89604
2026-01-28T23:44,93839,87885,89764,89607
2026-01-29T02:47,90890,87226,90465,88572
2026-01-29T04:21,90182,86448,90461,88625
2026-01-29T05:27,90169,86425,90455,88970
2026-01-29T06:07,90172,86423,90620,88908
2026-01-29T07:06,89444,85150,89949,88304
2026-01-29T07:53,89445,85112,89985,88163
2026-01-29T08:41,89544,85553,89830,88004
2026-01-29T09:26,89511,85700,89831,87986
2026-01-29T10:07,89102,84470,89056,87137
2026-01-29T10:57,89122,85118,88468,87022
2026-01-29T11:39,89056,85400,88457,87350
2026-01-29T12:00,89071,85466,88455,87383
2026-01-29T13:20,89071,85475,88404,87326
2026-01-29T14:09,89073,85558,88642,87551
2026-01-29T14:58,89459,86457,89112,87998
2026-01-29T15:48,89467,85927,89442,86852
2026-01-29T16:27,89432,85602,87730,86320
2026-01-29T17:09,89307,85400,87322,85965
2026-01-29T17:55,89150,85301,87281,85959
2026-01-29T18:55,89155,85146,86459,86054
2026-01-29T19:34,89057,85053,86283,85934
2026-01-29T19:57,89057,85053,86283,85934
2026-01-29T20:41,90133,84835,86398,86131
2026-01-29T21:01,90191,84822,86625,86162
2026-01-29T21:38,90193,84820,86588,86156
2026-01-29T21:59,90193,84820,86588,86156
2026-01-29T22:39,90229,84807,86661,86139
2026-01-29T23:01,90234,84806,86658,86140
2026-01-29T23:37,90225,84805,86657,86135
2026-01-29T23:56,90225,84805,86657,86135
2026-01-30T02:45,89627,79006,83503,81670
2026-01-30T04:23,89914,78841,83269,81832
2026-01-30T05:31,90012,78850,83228,81668
2026-01-30T06:27,90115,78909,83271,81717
2026-01-30T07:25,90273,78895,83473,81578
2026-01-30T08:00,90614,78971,85368,85238
2026-01-30T08:54,93150,77971,81096,76963
2026-01-30T09:41,92332,77956,81405,78055
2026-01-30T10:18,91995,77939,81437,78497
2026-01-30T10:58,91995,77939,81437,78497
2026-01-30T11:36,91866,77947,81470,78528
2026-01-30T11:58,91866,77947,81470,78528
2026-01-30T13:16,92450,78250,81234,78590
2026-01-30T14:04,92357,78241,81239,78614
2026-01-30T14:53,92263,78209,81233,78623
2026-01-30T15:33,92147,78366,81461,78728
2026-01-30T16:03,91639,78366,81503,78957
2026-01-30T16:56,91531,78379,81514,79390
2026-01-30T17:41,91461,78403,81515,79446
2026-01-30T18:21,90698,78306,81616,79447
2026-01-30T19:07,90658,78386,81576,79491
2026-01-30T19:45,90670,78399,81595,79500
2026-01-30T20:01,90770,78558,81740,79551
2026-01-30T20:45,90700,78624,81811,79685
2026-01-30T21:14,90718,78645,81832,80111
2026-01-30T21:44,90737,78674,81832,80128
2026-01-30T21:58,90737,78674,81832,80128
2026-01-30T22:37,90735,78680,81840,80133
2026-01-30T22:59,90735,78680,81840,80133
2026-01-30T23:36,90734,78688,81833,80137
2026-01-30T23:56,90734,78688,81833,80137
2026-01-31T02:36,85597,83650,86976,85276
2026-01-31T04:17,85624,83635,88386,85506
2026-01-31T05:11,85615,83630,88527,85590
2026-01-31T05:54,85387,83541,88516,85609
2026-01-31T06:47,85395,83538,88369,85611
2026-01-31T07:19,85394,83532,88396,85792
2026-01-31T07:45,85398,83525,88499,85546
2026-01-31T07:59,85398,83525,88499,85546
2026-01-31T08:43,84515,83117,89718,85811
2026-01-31T09:13,85205,81947,86546,85593
2026-01-31T09:45,85203,81939,86456,85444
2026-01-31T10:00,85201,81940,86450,85402
2026-01-31T10:38,85200,81936,86411,85372
2026-01-31T10:57,85200,81936,86411,85372
2026-01-31T11:29,85195,81934,86400,85345
2026-01-31T11:48,85192,81933,86400,85337
2026-01-31T12:00,85197,81934,86393,85321
2026-01-31T13:08,85193,81933,86383,85246
2026-01-31T13:51,85165,81926,86371,85122
2026-01-31T14:19,85198,81910,86297,84664
2026-01-31T14:46,85132,81880,86108,84497
2026-01-31T15:01,85300,81691,85591,83704
2026-01-31T15:35,85229,81632,85507,83309
2026-01-31T15:54,85229,81632,85507,83309
2026-01-31T16:32,85129,81602,85401,83299
2026-01-31T16:58,85129,81602,85401,83299
2026-01-31T17:33,84591,81442,84923,82930
2026-01-31T17:53,84591,81442,84923,82930
2026-01-31T18:34,84319,81291,84735,82490
2026-01-31T19:00,88896,77302,82231,80590
2026-01-31T19:30,88896,77302,82231,80590
2026-01-31T19:47,88506,77194,82047,80512
2026-01-31T19:59,88506,77194,82047,80512
2026-01-31T20:36,87778,76979,81903,80188
2026-01-31T20:56,87778,76979,81903,80188
2026-01-31T21:29,87692,76959,81889,80124
2026-01-31T21:49,86936,76885,81900,80319
2026-01-31T22:11,86878,76870,81831,80352
2026-01-31T22:42,86831,76845,81750,80342
2026-01-31T22:58,86831,76845,81750,80342
2026-01-31T23:32,86860,76808,81462,80464
2026-01-31T23:52,86860,76808,81462,80464
2026-02-01T02:07,81050,75372,80034,79664
2026-02-01T04:36,83150,77138,80576,79700
2026-02-01T05:47,82950,77063,80067,79260
2026-02-01T06:33,83559,77246,79963,79032
2026-02-01T07:24,84022,77227,79244,79142
2026-02-01T07:56,84408,77246,79290,79176
2026-02-01T08:41,83526,77071,78708,78322
2026-02-01T09:14,82442,76932,78646,78489
2026-02-01T09:47,81946,76875,78869,78683
2026-02-01T10:11,81921,76872,78868,78674
2026-02-01T10:47,81876,76880,78954,78918
2026-02-01T11:10,81873,76880,79441,78964
2026-02-01T11:36,81902,76891,79622,79069
2026-02-01T11:52,81902,76891,79622,79069
2026-02-01T12:49,81831,76862,81052,79097
2026-02-01T13:35,81813,76856,81392,79049
2026-02-01T14:02,81812,76855,81468,79041
2026-02-01T14:40,81713,76829,81613,79050
2026-02-01T14:59,81713,76829,81613,79050
2026-02-01T15:36,84330,77304,82346,79813
2026-02-01T15:55,84330,77304,82346,79813
2026-02-01T16:37,84121,77266,82194,79753
2026-02-01T17:01,84095,77262,82145,79754
2026-02-01T17:36,84055,77256,82077,79744
2026-02-01T17:56,84055,77256,82077,79744
2026-02-01T18:49,83886,77237,81984,79722
2026-02-01T19:16,83870,77235,81959,79719
2026-02-01T19:41,83870,77234,81926,79719
2026-02-01T19:56,83870,77234,81926,79719
2026-02-01T20:36,83812,77230,81915,79686
2026-02-01T20:56,83812,77230,81915,79686
2026-02-01T21:31,83557,77221,81713,79685
2026-02-01T21:51,83557,77221,81713,79685
2026-02-01T22:19,83557,77221,81713,79685
2026-02-01T22:48,83557,77221,81713,79685
2026-02-01T23:12,83557,77221,81713,79685
2026-02-01T23:42,83215,77194,81546,79467
2026-02-01T23:59,83215,77194,81546,79467
2026-02-02T03:15,87275,74637,80304,80216
2026-02-02T05:10,82264,72833,83450,75329
2026-02-02T06:14,82247,72777,83616,75411
2026-02-02T08:04,82368,72690,84893,84385
2026-02-02T09:01,82232,72644,84397,84369
2026-02-02T10:03,81752,72338,84743,84252
2026-02-02T11:02,81898,72591,84991,83868
2026-02-02T11:46,81916,72711,85088,83707
2026-02-02T12:25,81920,72716,85070,83705
2026-02-02T13:43,82263,73093,84970,83668
2026-02-02T14:29,82748,73651,84357,83688
2026-02-02T15:22,83085,73637,85008,83483
2026-02-02T15:57,83159,73689,85012,83464
2026-02-02T16:54,83302,73867,84537,82995
2026-02-02T17:40,83022,73821,84228,82922
2026-02-02T18:22,82999,73834,84153,82912
2026-02-02T23:03,82881,73846,84043,82681
2026-02-02T23:39,82900,73837,83998,82681
2026-02-03T02:54,82482,75486,78357,77738
2026-02-03T04:47,88615,76288,83222,78598
2026-02-03T05:40,88192,76264,82622,78608
2026-02-03T06:32,86457,76149,82611,78592
2026-02-03T07:29,86213,76146,82287,79589
2026-02-03T08:03,80080,75497,82035,77892
2026-02-03T08:55,80353,75647,81266,80946
2026-02-03T09:53,80028,75346,80456,80142
2026-02-03T10:39,84152,75923,78418,73423
2026-02-03T11:22,83536,75830,78399,73507
2026-02-03T11:55,83583,75772,78277,73084
2026-02-03T13:17,83593,75806,78441,73144
2026-02-03T14:12,83466,75767,78333,73359
2026-02-03T15:06,83443,75770,78660,73990
2026-02-03T16:04,83110,75627,78775,74678
2026-02-03T17:09,83068,75545,78767,74878
2026-02-03T18:07,84074,75052,78277,75100
2026-02-03T19:12,85242,74253,77235,74611
2026-02-03T19:54,85473,73541,76400,73794
2026-02-03T20:41,85200,73503,76397,73822
2026-02-03T21:19,84626,73479,76535,74344
2026-02-03T21:54,84618,73481,76602,74372
2026-02-03T22:33,84582,73482,76620,74377
2026-02-03T23:00,84250,73464,76734,74683
2026-02-03T23:38,84016,73450,76801,75362
2026-02-03T23:58,84016,73450,76801,75362
2026-02-04T02:47,81391,74600,79985,79511
2026-02-04T04:23,78836,73172,78688,76561
2026-02-04T05:31,79002,73392,78435,76445
2026-02-04T06:28,79003,73391,78486,76734
2026-02-04T07:29,79141,73498,78160,77137
2026-02-04T08:04,79238,73525,80502,76824
2026-02-04T08:59,79378,73518,80548,76734
2026-02-04T09:57,79468,73583,80714,76746
2026-02-04T10:53,79510,73597,80617,76482
2026-02-04T11:32,79497,73554,80056,76678
2026-02-04T11:58,79497,73554,80056,76678
2026-02-04T13:21,79681,73614,78716,76297
2026-02-04T14:12,79716,73589,78760,76034
2026-02-04T15:03,79688,73565,78713,76226
2026-02-04T15:58,79684,73325,78470,75975
2026-02-04T17:01,79094,72913,78191,75771
2026-02-04T17:58,79361,72689,78092,75437
2026-02-04T19:02,79416,72361,77554,75147
2026-02-04T19:48,79365,72332,77515,75112
2026-02-04T20:19,79294,72300,77474,75115
2026-02-04T20:57,78746,72156,76318,75816
2026-02-04T21:41,78791,72157,76328,75770
2026-02-04T21:59,78791,72157,76328,75770
2026-02-04T22:40,78841,71981,75885,75668
2026-02-04T23:00,78811,71974,75896,75685
2026-02-04T23:38,78802,71964,75929,75681
2026-02-04T23:59,78802,71964,75929,75681
2026-02-05T02:50,75565,69663,74812,71409
2026-02-05T04:43,77574,69879,74749,72274
2026-02-05T05:44,77422,69792,74469,72211
2026-02-05T06:39,79827,69847,74842,73953
2026-02-05T07:39,79427,69725,74481,73649
2026-02-05T08:25,79234,69691,73763,73571
2026-02-05T09:11,78139,69584,73674,71827
2026-02-05T10:03,77136,69427,72402,71026
2026-02-05T10:59,76616,69320,70828,70677
2026-02-05T11:45,74808,68938,71106,70652
2026-02-05T12:27,74615,68831,71014,70701
2026-02-05T13:47,74306,68362,70443,69801
2026-02-05T14:35,74446,68233,70419,69824
2026-02-05T15:25,74445,68208,70410,69861
2026-02-05T16:09,74296,67505,70002,69738
2026-02-05T17:09,74168,67295,70296,69474
2026-02-05T18:04,74043,67138,70498,69781
2026-02-05T19:05,73773,66990,70381,69580
2026-02-05T19:48,73717,66941,70466,69471
2026-02-05T20:18,73593,66921,70421,69414
2026-02-05T20:55,73166,66740,70221,69205
2026-02-05T21:36,72820,66445,69684,68846
2026-02-05T21:58,72820,66445,69684,68846
2026-02-05T22:40,72205,66191,69501,68550
2026-02-05T23:02,71862,66177,69292,68404
2026-02-05T23:36,71750,66150,69245,68321
2026-02-05T23:56,71750,66150,69245,68321
2026-02-06T02:46,71885,56896,69495,66757
2026-02-06T04:29,72304,57542,68941,67208
2026-02-06T05:39,74256,58971,67116,66796
2026-02-06T06:35,74407,59129,67316,66146
2026-02-06T07:33,74645,59116,66532,65056
2026-02-06T08:06,74612,59173,66316,64239
2026-02-06T09:00,74782,59200,66157,64505
2026-02-06T09:57,74365,59131,66240,64770
2026-02-06T10:52,74349,59143,66374,64807
2026-02-06T11:33,74261,59126,66434,64901
2026-02-06T11:59,74261,59126,66434,64901
2026-02-06T13:21,74654,59478,66441,65067
2026-02-06T14:11,74772,59340,67233,64445
2026-02-06T15:01,74804,59498,67541,64786
2026-02-06T15:54,74834,59614,67543,64839
2026-02-06T16:50,74923,59820,67525,64929
2026-02-06T17:35,75037,60089,67546,64919
2026-02-06T18:26,75162,60199,67584,65619
2026-02-06T19:23,75268,60647,67754,65993
2026-02-06T19:55,75288,60626,67468,66036
2026-02-06T20:40,75306,60754,67596,66059
2026-02-06T21:04,75310,60773,67595,66070
2026-02-06T21:44,75402,61192,67420,66029
2026-02-06T21:59,75402,61192,67420,66029
2026-02-06T22:38,75420,61296,67511,66081
2026-02-06T22:58,75420,61296,67511,66081
2026-02-06T23:36,75434,61317,67531,66139
2026-02-06T23:57,75434,61317,67531,66139
2026-02-07T02:44,71732,68431,69251,68208
2026-02-07T04:22,74927,63585,68521,68374
2026-02-07T05:25,75186,63488,70012,69308
2026-02-07T06:03,75150,63374,69920,69589
2026-02-07T06:59,75040,63290,69923,69852
2026-02-07T07:39,75222,63271,68963,68389
2026-02-07T07:58,75222,63271,68963,68389
2026-02-07T08:44,75584,63373,67514,65834
2026-02-07T09:15,75484,63316,67768,65554
2026-02-07T09:49,75525,63294,68158,65723
2026-02-07T10:14,75523,63287,68323,65623
2026-02-07T10:47,75532,63295,68319,65622
2026-02-07T11:11,75527,63286,68261,65641
2026-02-07T11:37,75477,63268,68263,65634
2026-02-07T11:54,75477,63268,68263,65634
2026-02-07T12:56,75533,63332,68030,65962
2026-02-07T13:49,75549,63395,67979,66053
2026-02-07T14:16,75543,63393,68006,66042
2026-02-07T14:47,75572,63411,68019,65707
2026-02-07T15:12,75650,63427,68086,65463
2026-02-07T15:43,75618,63424,68147,65487
2026-02-07T16:00,75630,63425,68093,65494
2026-02-07T16:46,75665,63457,68112,65525
2026-02-07T17:14,75629,63441,68082,65529
2026-02-07T17:46,75642,63450,68080,65529
2026-02-07T18:01,75603,63434,68102,65448
2026-02-07T18:52,75605,63437,68183,65449
2026-02-07T19:21,75573,63424,68202,65448
2026-02-07T19:43,75579,63419,68203,65373
2026-02-07T19:57,75579,63419,68203,65373
2026-02-07T20:38,75586,63414,68321,65330
2026-02-07T21:00,75586,63414,68321,65330
2026-02-07T21:36,75598,63404,68452,65252
2026-02-07T21:56,75598,63404,68452,65252
2026-02-07T22:36,75598,63398,68549,65264
2026-02-07T23:00,75599,63399,68549,65265
2026-02-07T23:42,75600,63399,68614,65265
2026-02-08T01:09,59889,59889,72000,60000
2026-02-08T04:09,74516,63423,72148,70423
2026-02-08T05:40,74799,63064,62747,61113
2026-02-08T06:31,74302,62917,62737,61194
2026-02-08T07:25,78912,65863,71215,68083
2026-02-08T07:57,79837,65881,69511,68242
2026-02-08T08:43,71939,67289,68759,65641
2026-02-08T09:15,72103,67442,68649,66420
2026-02-08T09:48,72160,67465,68112,67032
2026-02-08T10:14,72167,67465,68277,66956
2026-02-08T10:49,72160,67442,68162,66925
2026-02-08T11:14,72143,67414,68135,67002
2026-02-08T11:40,76460,64888,68568,67908
2026-02-08T11:56,76460,64888,68568,67908
2026-02-08T13:08,76211,64672,68575,66749
2026-02-08T13:54,76152,64615,68728,66797
2026-02-08T14:32,72271,67700,66686,63441
2026-02-08T14:57,72271,67700,66686,63441
2026-02-08T15:35,75955,64499,73409,68574
2026-02-08T15:57,75955,64499,73409,68574
2026-02-08T16:42,75906,64495,73414,68634
2026-02-08T17:12,75958,64566,73402,68583
2026-02-08T17:46,75959,64567,73423,68626
2026-02-08T18:16,75959,64567,73423,68627
2026-02-08T18:58,75962,64560,73406,68587
2026-02-08T19:34,75944,64520,73278,68534
2026-02-08T19:52,75944,64520,73278,68534
2026-02-08T20:23,75945,64523,73273,68539
2026-02-08T20:52,75944,64522,73266,68540
2026-02-08T21:24,75985,64606,73265,68577
2026-02-08T21:51,75974,64591,73277,68675
2026-02-08T22:21,75977,64588,73277,68626
2026-02-08T22:54,75962,64572,73204,68632
2026-02-08T23:34,76015,64714,72949,68691
2026-02-08T23:57,76015,64714,72949,68691
2026-02-09T03:13,76961,64403,67353,66956
2026-02-09T05:13,77325,65797,70558,67318
2026-02-09T06:37,77079,65691,70619,68288
2026-02-09T07:41,75870,66099,71072,68320
2026-02-09T08:32,76479,66323,70308,68042
2026-02-09T09:39,76428,66150,70235,68927
2026-02-09T10:41,76491,66169,70834,67865
2026-02-09T11:34,78665,65144,67906,67143
2026-02-09T12:07,78522,65129,67906,67118
2026-02-09T13:47,77231,64938,67851,67550
2026-02-09T14:43,77662,64840,67570,67526
2026-02-09T15:40,77498,64824,67370,67310
2026-02-09T17:38,76988,64807,68058,67462
2026-02-09T18:36,76430,64760,68244,67701
2026-02-09T19:51,76479,64748,67733,67721
2026-02-09T20:34,76506,64779,67797,67689
2026-02-09T21:21,76506,64779,67797,67675
2026-02-09T22:02,75869,64727,68041,68006
2026-02-09T22:54,75860,64726,68048,68011
2026-02-09T23:40,75789,64719,68073,68049
2026-02-10T01:04,75568,66520,74666,68296
2026-02-10T04:05,81813,68742,71492,70580
2026-02-10T05:46,81469,68695,71332,70718
2026-02-10T06:49,78830,68607,71371,69822
2026-02-10T07:52,79623,68431,71630,71274
2026-02-10T08:54,72737,66594,70889,70182
2026-02-10T10:02,72830,66574,73417,70899
2026-02-10T11:09,72837,66556,73484,71228
2026-02-10T11:59,72780,66473,73333,71290
2026-02-10T13:47,72849,66445,72399,71136
2026-02-10T14:49,72880,66422,72304,70855
2026-02-10T15:57,72935,66352,72148,71005
2026-02-10T17:13,73830,66836,72501,71279
2026-02-10T18:14,73597,66775,72398,71270
2026-02-10T19:34,73642,66737,71886,71155
2026-02-10T20:23,73641,66736,71924,71142
2026-02-10T21:08,73669,66716,72026,71138
2026-02-10T22:01,73708,66685,72086,70646
2026-02-10T22:56,73733,66667,72143,70537
2026-02-10T23:48,73727,66636,71663,70534
2026-02-11T01:08,72156,62806,71073,64789
2026-02-11T04:04,67949,67949,79812,76697
2026-02-11T05:43,98745,67691,75854,74220
2026-02-11T06:44,91045,67578,75136,70370
2026-02-11T07:42,87178,67104,74315,68079
2026-02-11T08:30,82363,66891,70163,61790
2026-02-11T09:32,77985,66731,70579,62427
2026-02-11T10:31,77008,66683,70662,62514
2026-02-11T11:28,76463,66617,70652,62646
2026-02-11T12:06,75120,66423,70234,63041
2026-02-11T13:48,76835,66320,70772,63400
2026-02-11T14:45,76736,65602,68559,63915
2026-02-11T15:44,75816,65569,68618,64061
2026-02-11T16:46,74850,65525,68589,64210
2026-02-11T17:45,74532,65509,68564,64240
2026-02-11T18:43,74466,65504,68512,64206
2026-02-11T19:44,74561,65517,68480,63949
2026-02-11T20:23,74564,65515,68441,63877
2026-02-11T21:04,74540,65516,68457,63905
2026-02-11T21:47,74561,65521,68459,63926
2026-02-11T22:16,74439,65530,68392,64177
2026-02-11T22:54,74496,65565,68316,64248
2026-02-11T23:35,74342,65568,68323,64322
2026-02-11T23:58,74342,65568,68323,64322
2026-02-12T03:15,67578,67578,86304,72823
2026-02-12T05:10,67507,67507,85465,69112
2026-02-12T06:15,67416,67416,85362,68463
2026-02-12T07:31,67385,67385,85326,69868
2026-02-12T08:05,67385,67385,85059,69868
2026-02-12T09:05,67336,67336,83965,68078
2026-02-12T10:06,67275,67275,81799,67728
2026-02-12T11:06,67258,67258,80480,68132
2026-02-12T11:55,67255,67255,79424,65804
2026-02-12T13:19,67238,67238,79142,65896
2026-02-12T14:29,104341,67232,78872,66155
2026-02-12T15:28,100339,67207,78183,66253
2026-02-12T16:33,91653,66935,75618,66284
2026-02-12T17:40,86420,66840,75231,66229
2026-02-12T18:38,81032,66830,74986,66225
2026-02-12T19:38,89157,66438,75296,67290
2026-02-12T20:03,82066,66424,75104,67627
2026-02-12T20:49,81323,66421,75052,67596
2026-02-12T21:23,81073,66416,74977,67511
2026-02-12T21:57,80768,66406,74853,67494
2026-02-12T22:41,80701,66406,74846,67481
2026-02-12T23:03,80616,66404,74836,67479
2026-02-12T23:43,80336,66403,74807,67496
2026-02-13T00:59,68001,56830,66656,60000
2026-02-13T03:45,69152,63615,68472,68433
2026-02-13T05:13,75000,61815,85753,68029
2026-02-13T06:14,73876,61745,85417,68443
2026-02-13T07:28,73511,61562,85059,71708
2026-02-13T08:05,75522,62733,74794,58923
2026-02-13T09:01,74389,62700,74190,65594
2026-02-13T09:58,74465,62303,72113,65376
2026-02-13T10:54,77891,64204,71574,65624
2026-02-13T11:32,77463,64195,71539,66256
2026-02-13T11:57,77463,64195,71539,66256
2026-02-13T13:21,77575,64227,71508,66555
2026-02-13T14:11,77516,64234,71516,66598
2026-02-13T15:03,77212,64287,70734,66736
2026-02-13T15:57,74717,63868,70506,66918
2026-02-13T16:59,74487,63968,70244,67247
2026-02-13T17:50,73220,63611,70970,68608
2026-02-13T18:35,73256,63771,70486,68674
2026-02-13T19:28,73376,63923,70220,68667
2026-02-13T20:02,73341,64044,70156,68683
2026-02-13T20:54,73101,64009,70023,68832
2026-02-13T21:37,72893,63879,70139,68874
2026-02-13T22:04,72893,63879,70139,68874
2026-02-13T22:50,72896,63883,70139,68882
2026-02-13T23:23,72897,63900,70147,68873
2026-02-13T23:52,72897,63900,70145,68873
2026-02-14T01:58,69590,67740,69406,68575
2026-02-14T04:16,71501,60052,76462,69670
2026-02-14T05:16,71519,59992,76589,68852
2026-02-14T06:01,71364,59283,76430,69050
2026-02-14T07:01,71478,61671,72991,69151
2026-02-14T07:44,71539,61826,73478,68960
2026-02-14T08:01,71559,61905,73921,69215
2026-02-14T08:48,71595,61994,73848,69708
2026-02-14T09:17,71611,62041,73761,69623
2026-02-14T09:49,70021,67821,69740,69712
2026-02-14T10:17,70029,67800,69836,69761
2026-02-14T10:49,70029,67800,69829,69759
2026-02-14T11:13,70038,67781,69831,69762
2026-02-14T11:40,70110,67965,69803,69797
2026-02-14T11:56,70110,67965,69803,69797
2026-02-14T13:07,70195,68139,69889,69516
2026-02-14T13:53,70200,68156,69891,69510
2026-02-14T14:27,70196,68139,69894,69549
2026-02-14T14:55,70196,68139,69894,69556
2026-02-14T15:32,70209,68035,69896,69577
2026-02-14T15:53,70209,68035,69896,69577
2026-02-14T16:30,70214,68024,69927,69583
2026-02-14T16:59,70214,68024,69927,69583
2026-02-14T17:35,70216,68040,69930,69591
2026-02-14T17:55,70216,68040,69930,69591
2026-02-14T18:43,70191,67948,69880,69581
2026-02-14T19:13,72398,61018,72754,70625
2026-02-14T19:39,70160,67878,69843,69581
2026-02-14T19:55,70160,67878,69843,69581
2026-02-14T20:34,70162,67916,69848,69604
2026-02-14T20:56,70162,67916,69848,69604
2026-02-14T21:32,70168,67973,69860,69639
2026-02-14T21:53,70168,67973,69860,69639
2026-02-14T22:51,70173,67986,69907,69673
2026-02-14T23:18,70173,67986,69907,69676
2026-02-14T23:43,70174,68010,69899,69696
2026-02-14T23:59,70174,68010,69899,69696
2026-02-15T03:18,72114,66350,70010,67517
2026-02-15T05:05,71117,67225,69770,67130
2026-02-15T06:07,71126,67234,69538,66456
2026-02-15T07:07,71242,67267,69101,66240
2026-02-15T07:49,71347,67258,69274,66472
2026-02-15T08:57,71634,68327,69405,68083
2026-02-15T09:40,71806,68602,69245,68210
2026-02-15T10:00,71789,68586,69155,68224
2026-02-15T10:41,71786,68581,69164,68230
2026-02-15T11:01,71795,68600,69050,68213
2026-02-15T11:33,71795,68600,69053,68106
2026-02-15T11:52,71795,68600,69053,68106
2026-02-15T12:45,71799,68611,68955,67844
2026-02-15T13:35,71767,68587,68969,67864
2026-02-15T14:03,71725,68559,68971,67842
2026-02-15T14:44,74108,64856,74159,68158
2026-02-15T15:11,74108,64854,74159,68149
2026-02-15T15:43,74067,64833,74147,68123
2026-02-15T16:00,74067,64833,74147,68123
2026-02-15T16:44,74064,64819,74146,71403
2026-02-15T17:13,74048,64816,73811,71383
2026-02-15T17:45,74001,64807,73796,71394
2026-02-15T18:01,74062,64793,73518,70432
2026-02-15T18:52,74003,64777,73520,70485
2026-02-15T19:23,74003,64778,73520,70486
2026-02-15T19:46,73996,64777,73484,70525
2026-02-15T19:59,73996,64777,73484,70525
2026-02-15T20:38,73707,64700,73860,72316
2026-02-15T20:59,73707,64700,73860,72316
2026-02-15T21:35,73718,64693,73926,72370
2026-02-15T21:54,73718,64693,73926,72370
2026-02-15T22:30,73785,64588,73990,72274
2026-02-15T22:55,73785,64588,73990,72274
2026-02-15T23:34,73573,64499,74028,72300
2026-02-15T23:57,73573,64499,74028,72300
2026-02-16T02:55,71374,71374,71106,68878
2026-02-16T05:04,72217,63301,69549,64124
2026-02-16T06:14,72607,61849,72577,70383
2026-02-16T07:32,73046,62801,72427,68247
2026-02-16T08:07,73055,62858,72422,68236
2026-02-16T09:06,73091,63065,72714,68633
2026-02-16T10:10,72907,63103,72430,68634
2026-02-16T11:08,71246,65343,68553,68313
2026-02-16T11:54,71242,65363,68554,68306
2026-02-16T13:13,71254,65388,68597,68376
2026-02-16T14:12,70396,67120,68791,67818
2026-02-16T15:04,70380,67117,68808,67999
2026-02-16T15:55,71290,65537,68756,68589
2026-02-16T16:53,71582,65444,68705,67825
2026-02-16T17:39,71563,65453,68628,67825
2026-02-16T18:22,71567,65448,68666,67760
2026-02-16T19:08,71548,65445,68709,67734
2026-02-16T19:46,71550,65446,68739,67728
2026-02-16T20:14,71548,65445,68851,67728
2026-02-16T20:50,71545,65441,69300,67729
2026-02-16T21:22,71541,65443,69321,67738
2026-02-16T21:52,71543,65446,69315,67739
2026-02-16T22:25,71538,65446,69313,67745
2026-02-16T22:58,71526,65444,69319,67797
2026-02-16T23:38,71525,65450,69289,67824
2026-02-17T02:53,71276,66463,68293,67874
2026-02-17T04:53,71285,66495,69043,67823
2026-02-17T05:57,71244,66513,69265,67874
2026-02-17T07:10,71062,66464,70832,68244
2026-02-17T08:00,71057,66462,70844,68234
2026-02-17T08:59,70404,66326,70193,68250
2026-02-17T10:02,70394,66311,70099,68421
2026-02-17T11:02,70451,66298,69131,69101
2026-02-17T11:50,70424,66293,69131,69075
2026-02-17T12:42,70416,66295,69140,69038
2026-02-17T13:55,70318,66292,69157,68967
2026-02-17T14:54,70273,66315,69134,68880
2026-02-17T15:57,70070,66281,68996,68659
2026-02-17T17:07,69943,66253,68917,68602
2026-02-17T18:05,69850,66244,68859,68549
2026-02-17T19:13,69817,66245,68858,68548
2026-02-17T19:54,69796,66255,68853,68567
2026-02-17T20:42,69733,66263,68829,68610
2026-02-17T21:20,69726,66270,68821,68608
2026-02-17T21:52,69721,66273,68831,68607
2026-02-17T22:29,69717,66273,68831,68610
2026-02-17T22:59,69716,66273,68830,68609
2026-02-17T23:39,69711,66273,68830,68608
2026-02-18T03:14,72279,64512,74934,68241
2026-02-18T05:05,71568,64544,74051,67180
2026-02-18T06:13,71228,64509,73924,67503
2026-02-18T07:29,71228,64473,73933,67381
2026-02-18T08:05,70378,63652,72675,68029
2026-02-18T09:02,70435,64320,72402,68074
2026-02-18T10:02,70367,64818,72052,68586
2026-02-18T11:02,70383,65108,71480,69874
2026-02-18T11:51,70314,64977,71243,69761
2026-02-18T12:53,70304,64942,71250,69776
2026-02-18T14:06,70300,64954,71210,69713
2026-02-18T15:03,70151,64955,70870,69386
2026-02-18T16:05,70284,65573,70865,69880
2026-02-18T17:18,70233,65525,70722,70533
2026-02-18T18:05,70235,65517,70661,70483
2026-02-18T19:13,70263,65458,70484,70131
2026-02-18T19:58,70228,65438,70486,70057
2026-02-18T20:51,69868,65298,70237,69829
2026-02-18T21:31,69925,65309,70191,69763
2026-02-18T22:01,69910,65306,70182,69756
2026-02-18T22:49,69913,65305,70180,69752
2026-02-18T23:19,69913,65305,70183,69763
2026-02-18T23:50,69904,65302,70181,69756
2026-02-19T01:24,70433,63433,65625,65184
2026-02-19T04:02,69409,65283,66083,65841
2026-02-19T05:35,69864,64116,74813,68574
2026-02-19T06:40,69902,64136,74597,68587
2026-02-19T07:38,74476,65931,71518,65681
2026-02-19T08:26,71526,65894,71287,66185
2026-02-19T09:24,69724,65850,70040,67401
2026-02-19T10:11,69366,65697,68759,67280
2026-02-19T11:08,69360,65703,68758,67297
2026-02-19T11:54,69363,65703,68751,67253
2026-02-19T13:17,69332,65661,68631,67064
2026-02-19T14:16,69023,65554,68328,67153
2026-02-19T15:10,68883,65491,68259,67171
2026-02-19T16:05,68808,65491,68426,67189
2026-02-19T17:11,68746,65474,68335,67203
2026-02-19T18:06,68639,65467,67450,66509
2026-02-19T19:08,69100,65719,68058,66711
2026-02-19T19:50,69116,65748,68068,66857
2026-02-19T20:22,69074,65744,68039,66849
2026-02-19T20:57,69067,65745,68033,66849
2026-02-19T21:42,69059,65753,68040,66841
2026-02-19T22:04,69054,65753,68032,66841
2026-02-19T22:49,69015,65748,68031,66843
2026-02-19T23:20,69012,65748,68029,66842
2026-02-19T23:51,68982,65745,68020,66842
2026-02-20T01:45,76519,63892,86871,80510
2026-02-20T04:01,73790,62258,85306,77125
2026-02-20T05:20,73904,62155,84382,77159
2026-02-20T06:11,73750,61612,79900,78460
2026-02-20T07:16,73421,61734,75731,75257
2026-02-20T07:59,73182,62301,75150,74857
2026-02-20T08:54,73397,62446,73009,72480
2026-02-20T09:48,73454,62448,74180,71067
2026-02-20T10:23,73437,62516,74132,70820
2026-02-20T11:05,73603,63132,73823,69483
2026-02-20T11:45,73622,63149,73836,69745
2026-02-20T12:25,73521,63043,73780,69605
2026-02-20T13:40,73221,62875,73291,69676
2026-02-20T14:27,73086,62993,73116,69509
2026-02-20T15:10,73123,63262,72578,69719
2026-02-20T15:54,73714,63828,71986,69068
2026-02-20T16:42,73246,63646,71916,68922
2026-02-20T17:25,73409,63774,71445,68841
2026-02-20T18:04,73316,63738,71290,68968
2026-02-20T19:04,73296,63741,71217,68948
2026-02-20T19:46,72822,63545,71333,68897
2026-02-20T20:15,72817,63546,71172,68782
2026-02-20T20:49,72830,63554,71165,68759
2026-02-20T21:15,72933,63662,71068,68719
2026-02-20T21:44,72729,63582,70941,68730
2026-02-20T21:59,72729,63582,70941,68730
2026-02-20T22:40,72727,63581,70950,68731
2026-02-20T23:03,72729,63583,70950,68728
2026-02-20T23:39,72725,63581,70947,68733
2026-02-20T23:59,72725,63581,70947,68733
2026-02-21T02:44,74469,65623,80018,72887
2026-02-21T04:20,74723,65711,78753,72751
2026-02-21T05:25,74774,65647,77663,71238
2026-02-21T06:02,74625,65553,79845,71238
2026-02-21T06:58,74639,65533,79799,70771
2026-02-21T07:39,74728,65545,79465,70612
2026-02-21T07:58,74728,65545,79465,70612
2026-02-21T08:43,74496,65435,80022,72746
2026-02-21T09:15,74355,65338,80285,72695
2026-02-21T09:47,74017,65150,79352,72685
2026-02-21T10:11,73950,65110,80840,72622
2026-02-21T10:46,73942,65091,81042,72613
2026-02-21T11:10,73808,65014,80903,72592
2026-02-21T11:36,73770,64991,80820,72548
2026-02-21T11:53,73770,64991,80820,72548
2026-02-21T12:46,73678,64936,80307,73587
2026-02-21T13:33,73647,64906,79396,73374
2026-02-21T14:01,68802,67062,70846,69687
2026-02-21T14:38,68833,67138,70672,69678
2026-02-21T14:58,68833,67138,70672,69678
2026-02-21T15:35,73999,65435,73570,70826
2026-02-21T15:55,73999,65435,73570,70826
2026-02-21T16:37,74022,65379,71331,68030
2026-02-21T17:00,72719,64883,71225,68032
2026-02-21T17:36,72720,64882,71226,68123
2026-02-21T17:56,72720,64882,71226,68123
2026-02-21T18:49,72721,64876,71282,68297
2026-02-21T19:16,72721,64875,71276,68283
2026-02-21T19:41,72728,64883,70618,68347
2026-02-21T19:57,72728,64883,70618,68347
2026-02-21T20:35,72856,64728,71264,68966
2026-02-21T20:56,72856,64728,71264,68966
2026-02-21T21:30,72871,64748,71264,68955
2026-02-21T21:51,72871,64748,71264,68955
2026-02-21T22:17,72874,64751,71261,68993
2026-02-21T22:46,72875,64753,71200,68993
2026-02-21T23:02,72867,64750,71206,69074
2026-02-21T23:35,72994,64861,71201,68648
2026-02-21T23:54,72994,64861,71201,68648
2026-02-22T02:35,75523,59884,80913,50894
2026-02-22T04:30,77788,65872,66410,64464
2026-02-22T05:38,78086,65845,65873,64441
2026-02-22T06:28,77554,65844,65894,64734
2026-02-22T07:23,77460,65843,65918,64734
2026-02-22T07:54,77461,65843,65918,64734
2026-02-22T08:35,75656,65856,66042,65102
2026-02-22T09:01,75331,65850,66153,65147
2026-02-22T09:43,75139,65847,66301,65137
2026-02-22T10:00,74929,65845,66434,65166
2026-02-22T10:39,69339,66354,69242,68062
2026-02-22T10:59,69339,66354,69242,68062
2026-02-22T11:31,69347,66349,69623,68139
2026-02-22T11:50,69347,66349,69623,68139
2026-02-22T12:29,69338,66230,71360,68338
2026-02-22T13:28,69343,66254,71226,68469
2026-02-22T14:00,69367,66282,70570,68399
2026-02-22T14:39,69384,66288,70458,68264
2026-02-22T14:58,69384,66288,70458,68264
2026-02-22T15:35,69362,66277,70409,68268
2026-02-22T15:55,69362,66277,70409,68268
2026-02-22T16:39,69349,66278,70388,68224
2026-02-22T17:02,69348,66266,70545,68265
2026-02-22T17:37,69349,66269,70538,68258
2026-02-22T17:57,69349,66269,70538,68258
2026-02-22T18:50,69331,66244,70354,68245
2026-02-22T19:17,69317,66235,70345,68251
2026-02-22T19:41,69316,66235,70344,68251
2026-02-22T19:56,69316,66235,70344,68251
2026-02-22T20:36,69319,66238,70243,68256
2026-02-22T20:57,69319,66238,70243,68256
2026-02-22T21:33,69300,66232,70229,68274
2026-02-22T21:53,69300,66232,70229,68274
2026-02-22T22:26,69299,66234,70222,68272
2026-02-22T22:54,69278,66238,70190,68270
2026-02-22T23:28,69276,66252,70178,68262
2026-02-22T23:53,69269,66257,70144,68261
2026-02-23T02:13,72926,62955,68327,65131
2026-02-23T04:34,72983,62673,66679,64942
2026-02-23T05:51,72786,62630,67100,64871
2026-02-23T06:57,72750,62647,67036,65892
2026-02-23T07:59,72930,62693,67482,65995
2026-02-23T09:02,72932,62674,67775,65524
2026-02-23T10:08,72813,62633,67322,59644
2026-02-23T11:07,72325,62533,67937,55733
2026-02-23T11:53,72294,62531,67960,55763
2026-02-23T13:05,73166,62400,66054,56375
2026-02-23T14:13,72903,62484,66238,57031
2026-02-23T15:09,72860,62502,65990,60679
2026-02-23T16:04,71745,62387,66316,60758
2026-02-23T17:15,71778,62350,66022,60570
2026-02-23T18:14,72039,62404,66019,60752
2026-02-23T19:34,71830,62392,66067,60844
2026-02-23T20:22,71571,62368,66585,60935
2026-02-23T21:09,71287,62340,66587,60971
2026-02-23T22:02,71276,62340,66586,61048
2026-02-23T22:57,71251,62342,66566,61089
2026-02-23T23:40,71247,62341,66590,61086
2026-02-24T03:10,68692,61302,64345,58444
2026-02-24T05:02,68929,60890,63663,61479
2026-02-24T06:10,68353,60618,64586,62356
2026-02-24T07:17,68324,60618,66490,64516
2026-02-24T08:03,68048,60398,66508,64571
2026-02-24T09:04,68018,60333,69484,64518
2026-02-24T10:06,68221,60491,68439,64610
2026-02-24T11:06,68238,60466,71567,64852
2026-02-24T11:54,68216,60462,71564,64864
2026-02-24T13:16,68310,60488,70813,64622
2026-02-24T14:30,79982,61649,74767,67993
2026-02-24T15:33,75479,61555,75008,67605
2026-02-24T16:41,74670,61562,74464,67266
2026-02-24T17:43,74620,61562,74339,67256
2026-02-24T18:40,74581,61597,73969,67427
2026-02-24T19:40,74131,61598,73889,67541
2026-02-24T20:18,74123,61598,73888,67541
2026-02-24T20:59,73997,61591,73847,67145
2026-02-24T21:47,73961,61594,73830,66789
2026-02-24T22:18,74258,61631,73829,66708
2026-02-24T22:56,74299,61650,73828,66694
2026-02-24T23:40,72962,61642,73508,66693
2026-02-25T03:12,68197,62934,68459,67591
2026-02-25T05:04,69208,63593,68512,67900
2026-02-25T06:14,69054,63547,68328,67483
2026-02-25T07:29,68966,63528,68735,67468
2026-02-25T08:08,68769,63489,68916,67595
2026-02-25T09:07,68380,63411,68409,67271
2026-02-25T10:10,68425,63475,68109,67024
2026-02-25T11:10,68813,63763,66721,66711
2026-02-25T11:54,68663,63745,66782,66661
2026-02-25T13:13,69396,63982,66460,62882
2026-02-25T14:16,69251,64021,66400,63188
2026-02-25T15:14,69332,64116,66483,62914
2026-02-25T16:36,69932,64785,67029,64282
2026-02-25T17:41,70150,65145,67196,65198
2026-02-25T18:42,70238,65404,67446,65482
2026-02-25T19:41,70323,65554,67591,65859
2026-02-25T20:20,70328,65551,67595,65918
2026-02-25T20:59,70340,65578,67654,65958
2026-02-25T21:45,70355,65578,67789,66069
2026-02-25T22:16,70398,65689,67878,66206
2026-02-25T22:56,70414,65674,67937,66234
2026-02-25T23:36,70441,65642,67951,66340
2026-02-25T23:59,70441,65642,67951,66340
2026-02-26T02:50,73235,67280,72190,69070
2026-02-26T04:46,75870,67409,71433,68928
2026-02-26T05:47,75161,67370,71422,67941
2026-02-26T06:41,75196,67374,71295,68044
2026-02-26T07:40,74712,67314,73679,69625
2026-02-26T08:28,74672,67308,73652,69560
2026-02-26T09:28,73577,67061,72054,69806
2026-02-26T10:26,72784,66974,71400,69840
2026-02-26T11:24,72568,67129,71894,70939
2026-02-26T12:01,73258,67219,72741,72491
2026-02-26T13:40,72885,67191,72482,71145
2026-02-26T14:36,72482,67141,72368,71243
2026-02-26T15:34,73015,67085,72362,71202
2026-02-26T16:36,74671,66984,72725,71025
2026-02-26T17:43,76929,66929,73256,71506
2026-02-26T18:32,78750,66900,73386,71662
2026-02-26T19:29,80529,66918,73785,71924
2026-02-26T20:04,80602,66927,73801,71930
2026-02-26T20:53,80398,66966,73679,71911
2026-02-26T21:33,80165,66956,73567,71822
2026-02-26T21:59,80165,66956,73567,71822
2026-02-26T22:48,80104,66956,73532,71912
2026-02-26T23:18,80059,66955,73507,71815
2026-02-26T23:49,80052,66955,73490,71815
2026-02-27T01:06,67120,67120,73757,55174
2026-02-27T03:37,71283,61896,70760,65661
2026-02-27T05:05,70704,61938,70761,65856
2026-02-27T06:05,70694,61936,70761,65873
2026-02-27T07:11,70691,61947,70744,65868
2026-02-27T07:58,69319,65917,69285,68233
2026-02-27T08:54,75614,64726,71181,67201
2026-02-27T09:48,72299,63130,68456,68231
2026-02-27T10:24,72291,63183,69315,68206
2026-02-27T11:06,72593,63332,67838,67311
2026-02-27T11:46,72154,63084,67283,67117
2026-02-27T12:26,72515,63036,67270,66342
2026-02-27T13:40,72445,62708,67089,65677
2026-02-27T14:27,72333,62694,67063,65929
2026-02-27T15:09,72310,62662,66758,65955
2026-02-27T15:52,68794,64878,65765,64586
2026-02-27T16:39,72226,62503,66614,65677
2026-02-27T17:20,72138,62469,66708,65368
2026-02-27T17:58,71169,62288,66468,65832
2026-02-27T18:58,68554,64639,65323,63833
2026-02-27T19:39,68426,64625,65237,63814
2026-02-27T20:00,68404,64622,65225,63800
2026-02-27T20:40,68298,64621,65218,63827
2026-02-27T21:02,68272,64623,65219,63833
2026-02-27T21:40,68214,64625,65216,63842
2026-02-27T21:59,68214,64625,65216,63842
2026-02-27T22:35,70977,61872,66400,63900
2026-02-27T22:56,70977,61872,66400,63900
2026-02-27T23:33,68023,64635,65205,63746
2026-02-27T23:53,68023,64635,65205,63746
2026-02-28T01:54,66567,64985,66464,65636
2026-02-28T03:56,66591,64997,67252,65556
2026-02-28T04:59,66586,64988,66767,65568
2026-02-28T05:42,66553,64962,66581,65481
2026-02-28T06:01,66548,64962,66458,65225
2026-02-28T06:54,66665,64619,65773,64781
2026-02-28T07:29,64886,63685,65132,63679
2026-02-28T07:49,64720,63300,64994,63355
2026-02-28T08:17,64856,63218,64857,63243
2026-02-28T08:47,65168,63013,64202,63179
2026-02-28T09:13,65260,62857,64125,63363
2026-02-28T09:42,65288,62808,64029,63379
2026-02-28T09:57,65288,62808,64029,63379
2026-02-28T10:33,65310,62804,64039,63380
2026-02-28T10:53,65310,62804,64039,63380
2026-02-28T11:21,65309,62803,64040,63381
2026-02-28T11:39,65313,62795,64027,63434
2026-02-28T11:53,65313,62795,64027,63434
2026-02-28T12:45,65317,62787,64095,63507
2026-02-28T13:27,65325,62771,64062,63565
2026-02-28T13:54,65331,62773,64105,63578
2026-02-28T14:27,65348,62726,64022,63609
2026-02-28T14:49,65375,62749,63995,63601
2026-02-28T15:12,65392,62748,64006,63910
2026-02-28T15:38,65405,62764,64020,63909
2026-02-28T15:53,65405,62764,64020,63909
2026-02-28T16:28,65412,62775,64009,63916
2026-02-28T16:51,65461,62852,64079,63945
2026-02-28T17:17,73518,59360,62012,59521
2026-02-28T17:40,73576,59370,62110,59791
2026-02-28T17:54,73576,59370,62110,59791
2026-02-28T18:39,73699,59413,61990,59844
2026-02-28T19:01,73734,59415,61919,59850
2026-02-28T19:29,73734,59415,61919,59850
2026-02-28T19:45,73688,59443,61912,59890
2026-02-28T19:58,73688,59443,61912,59890
2026-02-28T20:35,73822,59480,61792,59905
2026-02-28T20:54,73822,59480,61792,59905
2026-02-28T21:25,73427,59443,62315,60375
2026-02-28T21:45,73452,59453,62292,60379
2026-02-28T21:57,73452,59453,62292,60379
2026-02-28T22:32,73502,59507,62357,60444
2026-02-28T22:52,73502,59507,62357,60444
2026-02-28T23:20,72978,59464,62782,61038
2026-02-28T23:42,73033,59531,62634,61093
2026-02-28T23:56,73033,59531,62634,61093
2026-03-01T03:17,71677,60842,67386,65042
2026-03-01T05:03,71622,60839,67626,66220
2026-03-01T06:02,71542,60742,67653,66261
2026-03-01T07:01,71568,60786,67624,66154
2026-03-01T07:41,71571,60801,67593,66192
2026-03-01T07:59,71571,60801,67593,66192
2026-03-01T08:43,71171,60092,67725,66193
2026-03-01T09:14,69405,65499,66769,66417
2026-03-01T09:46,69238,65338,66406,66050
2026-03-01T10:00,69233,65333,66403,66056
